bank,concept_key,display,section,column,period,period_span,status,expected,actual,diff,unit,matched_on,source_doc_id,source_row_label
DBS,pnl.nii.net,Net interest income,Selected income statement items ($m),1Q23,2023-03-31,1Q,mismatch,3271.0,-113.0,-3384.0,S$m,span,1Q23_trading_update,Net interest income
DBS,pnl.nii.net,Net interest income,Selected income statement items ($m),3Q24,2024-09-30,3Q,mismatch,3597.0,-199.0,-3796.0,S$m,span,3Q25_trading_update,Net interest income
DBS,pnl.nii.net,Net interest income,Selected income statement items ($m),2Q25,2025-06-30,2Q,mismatch,3648.0,23.0,-3625.0,S$m,span,3Q25_trading_update,Net interest income
DBS,pnl.nii.net,Net interest income,Selected income statement items ($m),3Q25,2025-09-30,3Q,mismatch,3578.0,20.0,-3558.0,S$m,span,3Q25_trading_update,Net interest income
DBS,pnl.noninterest.other,Other non-interest income,Selected income statement items ($m),3Q24,2024-09-30,3Q,mismatch,1047.0,-579.0,-1626.0,S$m,span,derived,pnl.noninterest.total - pnl.noninterest.fee_commission
DBS,pnl.noninterest.other,Other non-interest income,Selected income statement items ($m),2Q25,2025-06-30,2Q,mismatch,917.0,-772.0,-1689.0,S$m,span,derived,pnl.noninterest.total - pnl.noninterest.fee_commission
DBS,pnl.noninterest.other,Other non-interest income,Selected income statement items ($m),3Q25,2025-09-30,3Q,mismatch,997.0,-938.0,-1935.0,S$m,span,derived,pnl.noninterest.total - pnl.noninterest.fee_commission
DBS,pnl.profit.net_attributable,Net profit,Selected income statement items ($m),1Q24,2024-03-31,1Q,mismatch,2956.0,2951.0,-5.0,S$m,span,DBS_1Q25_trading_update,Reported net profit
DBS,pnl.profit.net_attributable,Net profit,Selected income statement items ($m),1H24,2024-06-30,1H,mismatch,5759.0,5740.0,-19.0,S$m,span,DBS_2Q25_performance_summary,Reported net profit
DBS,pnl.profit.net_attributable,Net profit,Selected income statement items ($m),4Q24,2024-12-31,4Q,mismatch,2622.0,2522.0,-100.0,S$m,span,DBS_1Q25_trading_update,Reported net profit
DBS,pnl.profit.net_attributable,Net profit,Selected income statement items ($m),2H24,2024-12-31,2H,mismatch,5649.0,5549.0,-100.0,S$m,span,DBS_2Q25_performance_summary,Reported net profit
DBS,pnl.profit.net_attributable,Net profit,Selected income statement items ($m),FY24,2024-12-31,FY,mismatch,11408.0,11289.0,-119.0,S$m,span,DBS_4Q25_performance_summary,Reported net profit
DBS,pnl.profit.net_attributable,Net profit,Selected income statement items ($m),4Q25,2025-12-31,4Q,mismatch,2358.0,2258.0,-100.0,S$m,span,DBS_1Q26_trading_update,Reported net profit
DBS,pnl.profit.net_attributable,Net profit,Selected income statement items ($m),2H25,2025-12-31,2H,mismatch,5312.0,5212.0,-100.0,S$m,span,DBS_4Q25_performance_summary,Reported net profit
DBS,pnl.profit.net_attributable,Net profit,Selected income statement items ($m),FY25,2025-12-31,FY,mismatch,11033.0,10933.0,-100.0,S$m,span,DBS_4Q25_performance_summary,Reported net profit
DBS,pnl.provisions.total,Allowances for credit and other losses,Selected income statement items ($m),2Q24,2024-06-30,2Q,mismatch,148.0,6550.0,6402.0,S$m,as_at_fallback,DBS_2Q25_performance_summary,Total allowances
DBS,ratio.npl,NPL ratio,Key financial ratios (%),2Q24,2024-06-30,2Q,mismatch,1.1,0.6047025094330296,-0.495297,%,as_at_fallback,derived,bs.assets.npa / bs.assets.customer_loans_gross
DBS,reg.capital.cet1_ratio,Common Equity Tier 1 (CET-1),Key financial ratios (%),2Q24,2024-06-30,2Q,mismatch,14.8,9.3,-5.5,%,as_at_fallback,DBS_2Q25_performance_summary,CET-1
OCBC,bs.assets.customer_loans_gross,Customer loans (net for DBS per policy; gross for UOB/OCBC),Selected balance sheet items ($m),1H24,2024-06-30,1H,mismatch,299980.0,7847.0,-292133.0,S$m,span,OCBC_1H25_Media_Release_Financial_Highlights,Loans to customers
OCBC,bs.assets.customer_loans_gross,Customer loans (net for DBS per policy; gross for UOB/OCBC),Selected balance sheet items ($m),FY24,2024-12-31,FY,mismatch,315096.0,15628.0,-299468.0,S$m,span,OCBC_4Q25_Media_Release_and_Financial_Highlights,Loans to customers
OCBC,bs.assets.customer_loans_gross,Customer loans (net for DBS per policy; gross for UOB/OCBC),Selected balance sheet items ($m),1H25,2025-06-30,1H,mismatch,320413.0,7126.0,-313287.0,S$m,span,OCBC_1H25_Media_Release_Financial_Highlights,Loans to customers
OCBC,bs.assets.customer_loans_gross,Customer loans (net for DBS per policy; gross for UOB/OCBC),Selected balance sheet items ($m),FY25,2025-12-31,FY,mismatch,336692.0,13745.0,-322947.0,S$m,span,OCBC_4Q25_Media_Release_and_Financial_Highlights,Loans to customers
OCBC,bs.equity.shareholders,Shareholders' equity,Selected balance sheet items ($m),1H24,2024-06-30,1H,mismatch,56919.0,55219.0,-1700.0,S$m,span,OCBC_1H25_Media_Release_Financial_Highlights,Ordinary equity
OCBC,bs.equity.shareholders,Shareholders' equity,Selected balance sheet items ($m),2H24,2024-12-31,2H,mismatch,59316.0,57616.0,-1700.0,S$m,span,OCBC_4Q25_Media_Release_and_Financial_Highlights,Ordinary equity
OCBC,bs.equity.shareholders,Shareholders' equity,Selected balance sheet items ($m),FY24,2024-12-31,FY,mismatch,59316.0,57616.0,-1700.0,S$m,span,OCBC_4Q25_Media_Release_and_Financial_Highlights,Ordinary equity
OCBC,bs.equity.shareholders,Shareholders' equity,Selected balance sheet items ($m),1H25,2025-06-30,1H,mismatch,59773.0,58073.0,-1700.0,S$m,span,OCBC_1H25_Media_Release_Financial_Highlights,Ordinary equity
OCBC,bs.equity.shareholders,Shareholders' equity,Selected balance sheet items ($m),2H25,2025-12-31,2H,mismatch,61768.0,60070.0,-1698.0,S$m,span,OCBC_4Q25_Media_Release_and_Financial_Highlights,Ordinary equity
OCBC,bs.equity.shareholders,Shareholders' equity,Selected balance sheet items ($m),FY25,2025-12-31,FY,mismatch,61768.0,60070.0,-1698.0,S$m,span,OCBC_4Q25_Media_Release_and_Financial_Highlights,Ordinary equity
OCBC,bs.liabilities.customer_deposits,Customer deposits,Selected balance sheet items ($m),1Q24,2024-03-31,1Q,mismatch,55170.0,369841.0,314671.0,S$m,span,OCBC_1Q25_Results__Press_Release,Deposits of non-bank customers
OCBC,bs.liabilities.customer_deposits,Customer deposits,Selected balance sheet items ($m),2Q24,2024-06-30,2Q,mismatch,55219.0,369835.0,314616.0,S$m,span,OCBC_1H25_Media_Release_Financial_Highlights,Deposits of non-bank customers
OCBC,bs.liabilities.customer_deposits,Customer deposits,Selected balance sheet items ($m),1H24,2024-06-30,1H,mismatch,369835.0,5314.0,-364521.0,S$m,span,OCBC_1H25_Media_Release_Financial_Highlights,Deposits of non-bank customers
OCBC,bs.liabilities.customer_deposits,Customer deposits,Selected balance sheet items ($m),3Q24,2024-09-30,3Q,mismatch,55932.0,369280.0,313348.0,S$m,span,OCBC_3Q25_Results_Press_Release,Deposits of non-bank customers
OCBC,bs.liabilities.customer_deposits,Customer deposits,Selected balance sheet items ($m),FY24,2024-12-31,FY,mismatch,390687.0,10552.0,-380135.0,S$m,span,OCBC_4Q25_Media_Release_and_Financial_Highlights,Deposits of non-bank customers
OCBC,bs.liabilities.customer_deposits,Customer deposits,Selected balance sheet items ($m),1Q25,2025-03-31,1Q,mismatch,59190.0,402732.0,343542.0,S$m,span,OCBC_1H25_Media_Release_Financial_Highlights,Deposits of non-bank customers
OCBC,bs.liabilities.customer_deposits,Customer deposits,Selected balance sheet items ($m),2Q25,2025-06-30,2Q,mismatch,58073.0,406943.0,348870.0,S$m,span,OCBC_1H25_Media_Release_Financial_Highlights,Deposits of non-bank customers
OCBC,bs.liabilities.customer_deposits,Customer deposits,Selected balance sheet items ($m),1H25,2025-06-30,1H,mismatch,406943.0,4882.0,-402061.0,S$m,span,OCBC_1H25_Media_Release_Financial_Highlights,Deposits of non-bank customers
OCBC,bs.liabilities.customer_deposits,Customer deposits,Selected balance sheet items ($m),3Q25,2025-09-30,3Q,mismatch,58263.0,410596.0,352333.0,S$m,span,OCBC_3Q25_Results_Press_Release,Deposits of non-bank customers
OCBC,bs.liabilities.customer_deposits,Customer deposits,Selected balance sheet items ($m),FY25,2025-12-31,FY,mismatch,428286.0,9226.0,-419060.0,S$m,span,OCBC_4Q25_Media_Release_and_Financial_Highlights,Deposits of non-bank customers
OCBC,pnl.associates,Share of profits/losses of associates and JVs,Selected income statement items ($m),1Q24,2024-03-31,1Q,mismatch,2086.0,255.0,-1831.0,S$m,span,OCBC_1Q25_Results__Press_Release,"Share of results of associates, net of tax"
OCBC,pnl.associates,Share of profits/losses of associates and JVs,Selected income statement items ($m),2Q24,2024-06-30,2Q,mismatch,2090.0,243.0,-1847.0,S$m,span,OCBC_1H25_Media_Release_Financial_Highlights,"Share of results of associates, net of tax"
OCBC,pnl.associates,Share of profits/losses of associates and JVs,Selected income statement items ($m),3Q24,2024-09-30,3Q,mismatch,2163.0,251.0,-1912.0,S$m,span,OCBC_3Q25_Results_Press_Release,"Share of results of associates, net of tax"
OCBC,pnl.associates,Share of profits/losses of associates and JVs,Selected income statement items ($m),1Q25,2025-03-31,1Q,mismatch,2023.0,274.0,-1749.0,S$m,span,OCBC_1H25_Media_Release_Financial_Highlights,"Share of results of associates, net of tax"
OCBC,pnl.associates,Share of profits/losses of associates and JVs,Selected income statement items ($m),2Q25,2025-06-30,2Q,mismatch,2038.0,263.0,-1775.0,S$m,span,OCBC_1H25_Media_Release_Financial_Highlights,"Share of results of associates, net of tax"
OCBC,pnl.associates,Share of profits/losses of associates and JVs,Selected income statement items ($m),3Q25,2025-09-30,3Q,mismatch,2133.0,279.0,-1854.0,S$m,span,OCBC_3Q25_Results_Press_Release,"Share of results of associates, net of tax"
OCBC,pnl.eps.basic,Basic earnings per share,Per share (S$),2H24,2024-12-31,2H,mismatch,1.6,0.81,-0.79,per_share,span,OCBC_4Q25_Condensed_Financial_Statements,Basic
OCBC,pnl.eps.basic,Basic earnings per share,Per share (S$),2H25,2025-12-31,2H,mismatch,1.62,0.82,-0.8,per_share,span,OCBC_4Q25_Condensed_Financial_Statements,Basic
OCBC,pnl.eps.diluted,Diluted earnings per share,Per share (S$),2H24,2024-12-31,2H,mismatch,1.6,0.8,-0.8,per_share,span,OCBC_4Q25_Condensed_Financial_Statements,Diluted
OCBC,pnl.eps.diluted,Diluted earnings per share,Per share (S$),2H25,2025-12-31,2H,mismatch,1.62,0.82,-0.8,per_share,span,OCBC_4Q25_Condensed_Financial_Statements,Diluted
OCBC,pnl.income.total,Total income,Selected income statement items ($m),1Q24,2024-03-31,1Q,mismatch,1346.0,3626.0,2280.0,S$m,span,OCBC_1Q25_Results__Press_Release,Total income
OCBC,pnl.income.total,Total income,Selected income statement items ($m),2Q24,2024-06-30,2Q,mismatch,1373.0,3629.0,2256.0,S$m,span,OCBC_1H25_Media_Release_Financial_Highlights,Total income
OCBC,pnl.income.total,Total income,Selected income statement items ($m),3Q24,2024-09-30,3Q,mismatch,1463.0,3802.0,2339.0,S$m,span,OCBC_3Q25_Results_Press_Release,Total income
OCBC,pnl.income.total,Total income,Selected income statement items ($m),1Q25,2025-03-31,1Q,mismatch,1415.0,3655.0,2240.0,S$m,span,OCBC_1H25_Media_Release_Financial_Highlights,Total income
OCBC,pnl.income.total,Total income,Selected income statement items ($m),2Q25,2025-06-30,2Q,mismatch,1389.0,3547.0,2158.0,S$m,span,OCBC_1H25_Media_Release_Financial_Highlights,Total income
OCBC,pnl.income.total,Total income,Selected income statement items ($m),3Q25,2025-09-30,3Q,mismatch,1519.0,3796.0,2277.0,S$m,span,OCBC_3Q25_Results_Press_Release,Total income
OCBC,pnl.noninterest.fee_commission,Net fee and commission income,Selected income statement items ($m),1Q24,2024-03-31,1Q,mismatch,1189.0,479.0,-710.0,S$m,span,OCBC_1Q25_Results__Press_Release,of which: Fees and commissions
OCBC,pnl.noninterest.fee_commission,Net fee and commission income,Selected income statement items ($m),2Q24,2024-06-30,2Q,mismatch,1199.0,466.0,-733.0,S$m,span,OCBC_1H25_Media_Release_Financial_Highlights,of which: Fees and commissions
OCBC,pnl.noninterest.fee_commission,Net fee and commission income,Selected income statement items ($m),3Q24,2024-09-30,3Q,mismatch,1369.0,508.0,-861.0,S$m,span,OCBC_3Q25_Results_Press_Release,of which: Fees and commissions
OCBC,pnl.noninterest.fee_commission,Net fee and commission income,Selected income statement items ($m),1Q25,2025-03-31,1Q,mismatch,1310.0,546.0,-764.0,S$m,span,OCBC_1H25_Media_Release_Financial_Highlights,of which: Fees and commissions
OCBC,pnl.noninterest.fee_commission,Net fee and commission income,Selected income statement items ($m),2Q25,2025-06-30,2Q,mismatch,1264.0,580.0,-684.0,S$m,span,OCBC_1H25_Media_Release_Financial_Highlights,of which: Fees and commissions
OCBC,pnl.noninterest.fee_commission,Net fee and commission income,Selected income statement items ($m),3Q25,2025-09-30,3Q,mismatch,1570.0,683.0,-887.0,S$m,span,OCBC_3Q25_Results_Press_Release,of which: Fees and commissions
OCBC,pnl.noninterest.other,Other non-interest income,Selected income statement items ($m),1Q24,2024-03-31,1Q,mismatch,3626.0,710.0,-2916.0,S$m,span,derived,pnl.noninterest.total - pnl.noninterest.fee_commission
OCBC,pnl.noninterest.other,Other non-interest income,Selected income statement items ($m),2Q24,2024-06-30,2Q,mismatch,3629.0,733.0,-2896.0,S$m,span,derived,pnl.noninterest.total - pnl.noninterest.fee_commission
OCBC,pnl.noninterest.other,Other non-interest income,Selected income statement items ($m),1H24,2024-06-30,1H,mismatch,2388.0,1443.0,-945.0,S$m,span,derived,pnl.noninterest.total - pnl.noninterest.fee_commission
OCBC,pnl.noninterest.other,Other non-interest income,Selected income statement items ($m),3Q24,2024-09-30,3Q,mismatch,3802.0,861.0,-2941.0,S$m,span,derived,pnl.noninterest.total - pnl.noninterest.fee_commission
OCBC,pnl.noninterest.other,Other non-interest income,Selected income statement items ($m),2H24,2024-12-31,2H,mismatch,2330.0,1305.0,-1025.0,S$m,span,derived,pnl.noninterest.total - pnl.noninterest.fee_commission
OCBC,pnl.noninterest.other,Other non-interest income,Selected income statement items ($m),FY24,2024-12-31,FY,mismatch,4718.0,2748.0,-1970.0,S$m,span,derived,pnl.noninterest.total - pnl.noninterest.fee_commission
OCBC,pnl.noninterest.other,Other non-interest income,Selected income statement items ($m),1Q25,2025-03-31,1Q,mismatch,3655.0,764.0,-2891.0,S$m,span,derived,pnl.noninterest.total - pnl.noninterest.fee_commission
OCBC,pnl.noninterest.other,Other non-interest income,Selected income statement items ($m),2Q25,2025-06-30,2Q,mismatch,3547.0,684.0,-2863.0,S$m,span,derived,pnl.noninterest.total - pnl.noninterest.fee_commission
OCBC,pnl.noninterest.other,Other non-interest income,Selected income statement items ($m),1H25,2025-06-30,1H,mismatch,2574.0,1448.0,-1126.0,S$m,span,derived,pnl.noninterest.total - pnl.noninterest.fee_commission
OCBC,pnl.noninterest.other,Other non-interest income,Selected income statement items ($m),3Q25,2025-09-30,3Q,mismatch,3796.0,887.0,-2909.0,S$m,span,derived,pnl.noninterest.total - pnl.noninterest.fee_commission
OCBC,pnl.noninterest.other,Other non-interest income,Selected income statement items ($m),2H25,2025-12-31,2H,mismatch,2890.0,1605.0,-1285.0,S$m,span,derived,pnl.noninterest.total - pnl.noninterest.fee_commission
OCBC,pnl.noninterest.other,Other non-interest income,Selected income statement items ($m),FY25,2025-12-31,FY,mismatch,5464.0,3053.0,-2411.0,S$m,span,derived,pnl.noninterest.total - pnl.noninterest.fee_commission
OCBC,pnl.opex.amortisation_intangibles,Amortisation of intangible assets,Selected income statement items ($m),1Q24,2024-03-31,1Q,mismatch,180.0,25.0,-155.0,S$m,span,OCBC_1Q25_Results__Press_Release,Amortisation of intangible assets
OCBC,pnl.opex.amortisation_intangibles,Amortisation of intangible assets,Selected income statement items ($m),2Q24,2024-06-30,2Q,mismatch,154.0,22.0,-132.0,S$m,span,OCBC_1H25_Media_Release_Financial_Highlights,Amortisation of intangible assets
OCBC,pnl.opex.amortisation_intangibles,Amortisation of intangible assets,Selected income statement items ($m),3Q24,2024-09-30,3Q,mismatch,37.0,7.0,-30.0,S$m,span,OCBC_3Q25_Results_Press_Release,Amortisation of intangible assets
OCBC,pnl.opex.amortisation_intangibles,Amortisation of intangible assets,Selected income statement items ($m),1Q25,2025-03-31,1Q,mismatch,94.0,5.0,-89.0,S$m,span,OCBC_1H25_Media_Release_Financial_Highlights,Amortisation of intangible assets
OCBC,pnl.opex.amortisation_intangibles,Amortisation of intangible assets,Selected income statement items ($m),2Q25,2025-06-30,2Q,mismatch,65.0,6.0,-59.0,S$m,span,OCBC_1H25_Media_Release_Financial_Highlights,Amortisation of intangible assets
OCBC,pnl.opex.amortisation_intangibles,Amortisation of intangible assets,Selected income statement items ($m),3Q25,2025-09-30,3Q,mismatch,140.0,5.0,-135.0,S$m,span,OCBC_3Q25_Results_Press_Release,Amortisation of intangible assets
OCBC,pnl.opex.total,Operating expenses,Selected income statement items ($m),1Q24,2024-03-31,1Q,mismatch,2280.0,1346.0,-934.0,S$m,span,OCBC_1Q25_Results__Press_Release,Operating expenses
OCBC,pnl.opex.total,Operating expenses,Selected income statement items ($m),2Q24,2024-06-30,2Q,mismatch,2256.0,1373.0,-883.0,S$m,span,OCBC_1H25_Media_Release_Financial_Highlights,Operating expenses
OCBC,pnl.opex.total,Operating expenses,Selected income statement items ($m),3Q24,2024-09-30,3Q,mismatch,2339.0,1463.0,-876.0,S$m,span,OCBC_3Q25_Results_Press_Release,Operating expenses
OCBC,pnl.opex.total,Operating expenses,Selected income statement items ($m),1Q25,2025-03-31,1Q,mismatch,2240.0,1415.0,-825.0,S$m,span,OCBC_1H25_Media_Release_Financial_Highlights,Operating expenses
OCBC,pnl.opex.total,Operating expenses,Selected income statement items ($m),2Q25,2025-06-30,2Q,mismatch,2158.0,1389.0,-769.0,S$m,span,OCBC_1H25_Media_Release_Financial_Highlights,Operating expenses
OCBC,pnl.opex.total,Operating expenses,Selected income statement items ($m),3Q25,2025-09-30,3Q,mismatch,2277.0,1519.0,-758.0,S$m,span,OCBC_3Q25_Results_Press_Release,Operating expenses
OCBC,pnl.profit.net_attributable,Net profit,Selected income statement items ($m),1Q24,2024-03-31,1Q,mismatch,2341.0,1982.0,-359.0,S$m,span,OCBC_1Q25_Results__Press_Release,Net profit attributable to equity holders
OCBC,pnl.profit.net_attributable,Net profit,Selected income statement items ($m),2Q24,2024-06-30,2Q,mismatch,2333.0,1944.0,-389.0,S$m,span,OCBC_1H25_Media_Release_Financial_Highlights,Net profit attributable to equity holders
OCBC,pnl.profit.net_attributable,Net profit,Selected income statement items ($m),3Q24,2024-09-30,3Q,mismatch,2414.0,1974.0,-440.0,S$m,span,OCBC_3Q25_Results_Press_Release,Net profit attributable to equity holders
OCBC,pnl.profit.net_attributable,Net profit,Selected income statement items ($m),2H24,2024-12-31,2H,mismatch,3661.0,3728.0,67.0,S$m,span,OCBC_4Q25_Condensed_Financial_Statements,Profit for the period/year
OCBC,pnl.profit.net_attributable,Net profit,Selected income statement items ($m),FY24,2024-12-31,FY,mismatch,7587.0,7748.0,161.0,S$m,span,OCBC_4Q25_Condensed_Financial_Statements,Profit for the period/year
OCBC,pnl.profit.net_attributable,Net profit,Selected income statement items ($m),1Q25,2025-03-31,1Q,mismatch,2297.0,1883.0,-414.0,S$m,span,OCBC_1H25_Media_Release_Financial_Highlights,Net profit attributable to equity holders
OCBC,pnl.profit.net_attributable,Net profit,Selected income statement items ($m),2Q25,2025-06-30,2Q,mismatch,2301.0,1816.0,-485.0,S$m,span,OCBC_1H25_Media_Release_Financial_Highlights,Net profit attributable to equity holders
OCBC,pnl.profit.net_attributable,Net profit,Selected income statement items ($m),3Q25,2025-09-30,3Q,mismatch,2412.0,1978.0,-434.0,S$m,span,OCBC_3Q25_Results_Press_Release,Net profit attributable to equity holders
OCBC,pnl.profit.net_attributable,Net profit,Selected income statement items ($m),2H25,2025-12-31,2H,mismatch,3723.0,3791.0,68.0,S$m,span,OCBC_4Q25_Condensed_Financial_Statements,Profit for the period/year
OCBC,pnl.profit.net_attributable,Net profit,Selected income statement items ($m),FY25,2025-12-31,FY,mismatch,7422.0,7560.0,138.0,S$m,span,OCBC_4Q25_Condensed_Financial_Statements,Profit for the period/year
OCBC,pnl.profit.operating,Operating profit,Selected income statement items ($m),1Q24,2024-03-31,1Q,mismatch,25.0,2280.0,2255.0,S$m,span,OCBC_1Q25_Results__Press_Release,Operating profit before allowances and amortisation
OCBC,pnl.profit.operating,Operating profit,Selected income statement items ($m),2Q24,2024-06-30,2Q,mismatch,22.0,2256.0,2234.0,S$m,span,OCBC_1H25_Media_Release_Financial_Highlights,Operating profit before allowances and amortisation
OCBC,pnl.profit.operating,Operating profit,Selected income statement items ($m),3Q24,2024-09-30,3Q,mismatch,7.0,2339.0,2332.0,S$m,span,OCBC_3Q25_Results_Press_Release,Operating profit before allowances and amortisation
OCBC,pnl.profit.operating,Operating profit,Selected income statement items ($m),1Q25,2025-03-31,1Q,mismatch,5.0,2240.0,2235.0,S$m,span,OCBC_1H25_Media_Release_Financial_Highlights,Operating profit before allowances and amortisation
OCBC,pnl.profit.operating,Operating profit,Selected income statement items ($m),2Q25,2025-06-30,2Q,mismatch,6.0,2158.0,2152.0,S$m,span,OCBC_1H25_Media_Release_Financial_Highlights,Operating profit before allowances and amortisation
OCBC,pnl.profit.operating,Operating profit,Selected income statement items ($m),3Q25,2025-09-30,3Q,mismatch,5.0,2277.0,2272.0,S$m,span,OCBC_3Q25_Results_Press_Release,Operating profit before allowances and amortisation
OCBC,pnl.profit.pretax,Profit before tax,Selected income statement items ($m),1Q24,2024-03-31,1Q,mismatch,255.0,2341.0,2086.0,S$m,span,OCBC_1Q25_Results__Press_Release,Profit before income tax
OCBC,pnl.profit.pretax,Profit before tax,Selected income statement items ($m),2Q24,2024-06-30,2Q,mismatch,243.0,2333.0,2090.0,S$m,span,OCBC_1H25_Media_Release_Financial_Highlights,Profit before income tax
OCBC,pnl.profit.pretax,Profit before tax,Selected income statement items ($m),3Q24,2024-09-30,3Q,mismatch,251.0,2414.0,2163.0,S$m,span,OCBC_3Q25_Results_Press_Release,Profit before income tax
OCBC,pnl.profit.pretax,Profit before tax,Selected income statement items ($m),1Q25,2025-03-31,1Q,mismatch,274.0,2297.0,2023.0,S$m,span,OCBC_1H25_Media_Release_Financial_Highlights,Profit before income tax
OCBC,pnl.profit.pretax,Profit before tax,Selected income statement items ($m),2Q25,2025-06-30,2Q,mismatch,263.0,2301.0,2038.0,S$m,span,OCBC_1H25_Media_Release_Financial_Highlights,Profit before income tax
OCBC,pnl.profit.pretax,Profit before tax,Selected income statement items ($m),3Q25,2025-09-30,3Q,mismatch,279.0,2412.0,2133.0,S$m,span,OCBC_3Q25_Results_Press_Release,Profit before income tax
OCBC,pnl.provisions.total,Allowances for credit and other losses,Selected income statement items ($m),1Q24,2024-03-31,1Q,mismatch,11.0,169.0,158.0,S$m,span,OCBC_1Q25_Results__Press_Release,Allowances
OCBC,pnl.provisions.total,Allowances for credit and other losses,Selected income statement items ($m),2Q24,2024-06-30,2Q,mismatch,10.0,144.0,134.0,S$m,span,OCBC_1H25_Media_Release_Financial_Highlights,Allowances charge/(write-back) for loans and other assets
OCBC,pnl.provisions.total,Allowances for credit and other losses,Selected income statement items ($m),3Q24,2024-09-30,3Q,mismatch,132.0,169.0,37.0,S$m,span,OCBC_3Q25_Results_Press_Release,Allowances
OCBC,pnl.provisions.total,Allowances for credit and other losses,Selected income statement items ($m),1Q25,2025-03-31,1Q,mismatch,118.0,212.0,94.0,S$m,span,OCBC_1H25_Media_Release_Financial_Highlights,Allowances charge/(write-back) for loans and other assets
OCBC,pnl.provisions.total,Allowances for credit and other losses,Selected income statement items ($m),2Q25,2025-06-30,2Q,mismatch,49.0,114.0,65.0,S$m,span,OCBC_1H25_Media_Release_Financial_Highlights,Allowances charge/(write-back) for loans and other assets
OCBC,pnl.provisions.total,Allowances for credit and other losses,Selected income statement items ($m),3Q25,2025-09-30,3Q,mismatch,1.0,139.0,138.0,S$m,span,OCBC_3Q25_Results_Press_Release,Allowances
OCBC,ratio.cir,Cost/income ratio,Key financial ratios (%),1Q24,2024-03-31,1Q,mismatch,14.7,37.1,22.4,%,span,OCBC_1Q25_Results__Press_Release,Cost-to-income
OCBC,ratio.cir,Cost/income ratio,Key financial ratios (%),2Q24,2024-06-30,2Q,mismatch,14.2,37.8,23.6,%,span,OCBC_1H25_Media_Release_Financial_Highlights,Cost-to-income
OCBC,ratio.cir,Cost/income ratio,Key financial ratios (%),3Q24,2024-09-30,3Q,mismatch,14.1,38.5,24.4,%,span,OCBC_3Q25_Results_Press_Release,Cost-to-income
OCBC,ratio.cir,Cost/income ratio,Key financial ratios (%),1Q25,2025-03-31,1Q,mismatch,13.0,38.7,25.7,%,span,OCBC_1Q25_Results__Press_Release,Cost-to-income
OCBC,ratio.cir,Cost/income ratio,Key financial ratios (%),2Q25,2025-06-30,2Q,mismatch,12.3,39.1,26.8,%,span,OCBC_1H25_Media_Release_Financial_Highlights,Cost-to-income
OCBC,ratio.cir,Cost/income ratio,Key financial ratios (%),3Q25,2025-09-30,3Q,mismatch,13.4,40.0,26.6,%,span,OCBC_3Q25_Results_Press_Release,Cost-to-income
OCBC,ratio.nim,Net interest margin,Key financial ratios (%),1Q24,2024-03-31,1Q,mismatch,1.64,2.27,0.63,%,span,OCBC_1Q25_Results__Press_Release,Net interest margin 2/
OCBC,ratio.nim,Net interest margin,Key financial ratios (%),2Q24,2024-06-30,2Q,mismatch,1.56,2.2,0.64,%,span,OCBC_1H25_Media_Release_Financial_Highlights,Net interest margin
OCBC,ratio.nim,Net interest margin,Key financial ratios (%),3Q24,2024-09-30,3Q,mismatch,1.57,2.18,0.61,%,span,OCBC_3Q25_Results_Press_Release,Net interest margin 2/
OCBC,ratio.nim,Net interest margin,Key financial ratios (%),1Q25,2025-03-31,1Q,mismatch,1.44,2.04,0.6,%,span,OCBC_1Q25_Results__Press_Release,Net Interest Margin
OCBC,ratio.nim,Net interest margin,Key financial ratios (%),2Q25,2025-06-30,2Q,mismatch,1.35,1.92,0.57,%,span,OCBC_1H25_Media_Release_Financial_Highlights,Net interest margin
OCBC,ratio.nim,Net interest margin,Key financial ratios (%),3Q25,2025-09-30,3Q,mismatch,1.46,1.84,0.38,%,span,OCBC_3Q25_Results_Press_Release,Net Interest Margin
OCBC,ratio.roa,Return on assets,Key financial ratios (%),3Q25,2025-09-30,3Q,mismatch,0.9,1.46,0.56,%,span,OCBC_4Q25_Media_Release_and_Financial_Highlights,Return on assets 3/
OCBC,ratio.roe,Return on equity,Key financial ratios (%),1Q24,2024-03-31,1Q,mismatch,16.2,14.7,-1.5,%,span,OCBC_1Q25_Results__Press_Release,Return on equity 2/
OCBC,ratio.roe,Return on equity,Key financial ratios (%),2Q24,2024-06-30,2Q,mismatch,15.5,14.2,-1.3,%,span,OCBC_1H25_Media_Release_Financial_Highlights,Return on equity 1/ 2/
OCBC,ratio.roe,Return on equity,Key financial ratios (%),3Q24,2024-09-30,3Q,mismatch,17.2,14.1,-3.1,%,span,OCBC_3Q25_Results_Press_Release,Return on equity 2/
OCBC,ratio.roe,Return on equity,Key financial ratios (%),1Q25,2025-03-31,1Q,mismatch,17.6,13.0,-4.6,%,span,OCBC_1Q25_Results__Press_Release,Return on equity 2/
OCBC,ratio.roe,Return on equity,Key financial ratios (%),2Q25,2025-06-30,2Q,mismatch,17.0,12.3,-4.7,%,span,OCBC_1H25_Media_Release_Financial_Highlights,Return on equity 1/ 2/
OCBC,ratio.roe,Return on equity,Key financial ratios (%),3Q25,2025-09-30,3Q,mismatch,16.9,13.4,-3.5,%,span,OCBC_3Q25_Results_Press_Release,Return on equity 2/
OCBC,reg.capital.cet1_ratio,Common Equity Tier 1 (CET-1),Key financial ratios (%),1Q24,2024-03-31,1Q,mismatch,1.76,16.2,14.44,%,span,OCBC_1Q25_Results__Press_Release,Common Equity Tier 1 capital adequacy ratio
OCBC,reg.capital.cet1_ratio,Common Equity Tier 1 (CET-1),Key financial ratios (%),2Q24,2024-06-30,2Q,mismatch,1.72,15.5,13.78,%,span,OCBC_1H25_Media_Release_Financial_Highlights,Common Equity Tier 1
OCBC,reg.capital.cet1_ratio,Common Equity Tier 1 (CET-1),Key financial ratios (%),3Q24,2024-09-30,3Q,mismatch,1.73,17.2,15.47,%,span,OCBC_3Q25_Results_Press_Release,Common Equity Tier 1 capital adequacy ratio 3/
OCBC,reg.capital.cet1_ratio,Common Equity Tier 1 (CET-1),Key financial ratios (%),1Q25,2025-03-31,1Q,mismatch,1.68,15.5,13.82,%,span,OCBC_1Q25_Results__Press_Release,Fully phased-in final Basel III reforms
OCBC,reg.capital.cet1_ratio,Common Equity Tier 1 (CET-1),Key financial ratios (%),2Q25,2025-06-30,2Q,mismatch,1.6,17.0,15.4,%,as_at_fallback,OCBC_1H25_Media_Release_Financial_Highlights,Common Equity Tier 1
OCBC,reg.capital.cet1_ratio,Common Equity Tier 1 (CET-1),Key financial ratios (%),1H25,2025-06-30,1H,mismatch,17.0,15.3,-1.7,%,span,OCBC_1H25_Media_Release_Financial_Highlights,Fully phased-in final Basel III reforms
OCBC,reg.capital.cet1_ratio,Common Equity Tier 1 (CET-1),Key financial ratios (%),3Q25,2025-09-30,3Q,mismatch,1.72,16.9,15.18,%,span,OCBC_3Q25_Results_Press_Release,Transitional final Basel III reforms
OCBC,reg.capital.cet1_ratio,Common Equity Tier 1 (CET-1),Key financial ratios (%),2H25,2025-12-31,2H,mismatch,16.9,15.1,-1.8,%,as_at_fallback,OCBC_4Q25_Media_Release_and_Financial_Highlights,Fully phased-in final Basel III reforms 2/
OCBC,reg.capital.cet1_ratio,Common Equity Tier 1 (CET-1),Key financial ratios (%),FY25,2025-12-31,FY,mismatch,16.9,15.1,-1.8,%,as_at_fallback,OCBC_4Q25_Media_Release_and_Financial_Highlights,Fully phased-in final Basel III reforms 2/
UOB,bs.assets.customer_loans_gross,Customer loans (net for DBS per policy; gross for UOB/OCBC),Selected balance sheet items ($m),1Q24,2024-03-31,1Q,mismatch,322634.0,323188.0,554.0,S$m,span,UOB_1Q25_performance-highlights,Gross customer loans
UOB,bs.liabilities.customer_deposits,Customer deposits,Selected balance sheet items ($m),1Q24,2024-03-31,1Q,mismatch,47482.0,388472.0,340990.0,S$m,span,UOB_1Q25_performance-highlights,Customer deposits
UOB,bs.liabilities.customer_deposits,Customer deposits,Selected balance sheet items ($m),3Q24,2024-09-30,3Q,mismatch,48596.0,400784.0,352188.0,S$m,span,UOB_3Q25_Performance_Highlights,Customer deposits
UOB,bs.liabilities.customer_deposits,Customer deposits,Selected balance sheet items ($m),1Q25,2025-03-31,1Q,mismatch,51406.0,401250.0,349844.0,S$m,span,UOB_1Q25_performance-highlights,Customer deposits
UOB,bs.liabilities.customer_deposits,Customer deposits,Selected balance sheet items ($m),2Q25,2025-06-30,2Q,mismatch,50346.0,405076.0,354730.0,S$m,span,UOB_3Q25_Performance_Highlights,Customer deposits
UOB,bs.liabilities.customer_deposits,Customer deposits,Selected balance sheet items ($m),3Q25,2025-09-30,3Q,mismatch,49707.0,419660.0,369953.0,S$m,span,UOB_3Q25_Performance_Highlights,Customer deposits
UOB,pnl.eps.basic,Basic earnings per share,Per share (S$),1Q24,2024-03-31,1Q,mismatch,3.48,3.5,0.02,per_share,span,UOB_1Q25_performance-highlights,Basic
UOB,pnl.eps.basic,Basic earnings per share,Per share (S$),1Q25,2025-03-31,1Q,mismatch,3.49,3.51,0.02,per_share,span,UOB_1Q25_performance-highlights,Basic
UOB,pnl.eps.diluted,Diluted earnings per share,Per share (S$),1Q24,2024-03-31,1Q,mismatch,26.71,3.48,-23.23,per_share,span,UOB_1Q25_performance-highlights,Diluted
UOB,pnl.eps.diluted,Diluted earnings per share,Per share (S$),3Q24,2024-09-30,3Q,mismatch,27.42,3.78,-23.64,per_share,span,UOB_3Q25_Performance_Highlights,Diluted
UOB,pnl.eps.diluted,Diluted earnings per share,Per share (S$),1Q25,2025-03-31,1Q,mismatch,29.07,3.49,-25.58,per_share,span,UOB_1Q25_performance-highlights,Diluted
UOB,pnl.eps.diluted,Diluted earnings per share,Per share (S$),2Q25,2025-06-30,2Q,mismatch,28.62,3.14,-25.48,per_share,span,UOB_3Q25_Performance_Highlights,Diluted
UOB,pnl.eps.diluted,Diluted earnings per share,Per share (S$),3Q25,2025-09-30,3Q,mismatch,28.34,1.01,-27.33,per_share,span,UOB_3Q25_Performance_Highlights,Diluted
UOB,pnl.noninterest.other,Other non-interest income,Selected income statement items ($m),1Q24,2024-03-31,1Q,mismatch,581.0,1.0,-580.0,S$m,span,derived,pnl.noninterest.total - pnl.noninterest.fee_commission
UOB,pnl.noninterest.other,Other non-interest income,Selected income statement items ($m),3Q24,2024-09-30,3Q,mismatch,744.0,114.0,-630.0,S$m,span,derived,pnl.noninterest.total - pnl.noninterest.fee_commission
UOB,pnl.noninterest.other,Other non-interest income,Selected income statement items ($m),1Q25,2025-03-31,1Q,mismatch,554.0,-140.0,-694.0,S$m,span,derived,pnl.noninterest.total - pnl.noninterest.fee_commission
UOB,pnl.noninterest.other,Other non-interest income,Selected income statement items ($m),2Q25,2025-06-30,2Q,mismatch,493.0,-143.0,-636.0,S$m,span,derived,pnl.noninterest.total - pnl.noninterest.fee_commission
UOB,pnl.noninterest.other,Other non-interest income,Selected income statement items ($m),3Q25,2025-09-30,3Q,mismatch,518.0,-97.0,-615.0,S$m,span,derived,pnl.noninterest.total - pnl.noninterest.fee_commission
UOB,pnl.opex.total,Operating expenses,Selected income statement items ($m),1Q24,2024-03-31,1Q,mismatch,1475.0,1570.0,95.0,S$m,span,UOB_1Q25_performance-highlights,Less: Total expenses
UOB,pnl.profit.operating,Operating profit,Selected income statement items ($m),1Q24,2024-03-31,1Q,mismatch,2048.0,1952.0,-96.0,S$m,span,UOB_1Q25_performance-highlights,Operating profit
UOB,pnl.profit.pretax,Profit before tax,Selected income statement items ($m),1Q24,2024-03-31,1Q,mismatch,1904.0,1809.0,-95.0,S$m,span,UOB_1Q25_performance-highlights,Net profit before tax
UOB,ratio.cir,Cost/income ratio,Key financial ratios (%),1Q24,2024-03-31,1Q,mismatch,1.22,44.6,43.38,%,span,UOB_1Q25_performance-highlights,Cost/Income ratio
UOB,ratio.cir,Cost/income ratio,Key financial ratios (%),3Q24,2024-09-30,3Q,mismatch,1.23,42.4,41.17,%,span,UOB_3Q25_Performance_Highlights,Cost/Income ratio
UOB,ratio.cir,Cost/income ratio,Key financial ratios (%),1Q25,2025-03-31,1Q,mismatch,1.11,42.6,41.49,%,span,UOB_1Q25_performance-highlights,Cost/Income ratio
UOB,ratio.cir,Cost/income ratio,Key financial ratios (%),2Q25,2025-06-30,2Q,mismatch,0.99,44.3,43.31,%,span,UOB_3Q25_Performance_Highlights,Cost/Income ratio
UOB,ratio.cir,Cost/income ratio,Key financial ratios (%),3Q25,2025-09-30,3Q,mismatch,0.33,45.2,44.87,%,span,UOB_3Q25_Performance_Highlights,Cost/Income ratio
UOB,ratio.nim,Net interest margin,Key financial ratios (%),1Q24,2024-03-31,1Q,mismatch,41.9,2.02,-39.88,%,span,UOB_1Q25_performance-highlights,Net interest margin ²
UOB,ratio.nim,Net interest margin,Key financial ratios (%),3Q24,2024-09-30,3Q,mismatch,42.4,2.05,-40.35,%,span,UOB_3Q25_Performance_Highlights,Net interest margin ²
UOB,ratio.nim,Net interest margin,Key financial ratios (%),1Q25,2025-03-31,1Q,mismatch,42.6,2.0,-40.6,%,span,UOB_1Q25_performance-highlights,Net interest margin ²
UOB,ratio.nim,Net interest margin,Key financial ratios (%),2Q25,2025-06-30,2Q,mismatch,44.3,1.91,-42.39,%,span,UOB_3Q25_Performance_Highlights,Net interest margin ²
UOB,ratio.nim,Net interest margin,Key financial ratios (%),3Q25,2025-09-30,3Q,mismatch,45.2,1.82,-43.38,%,span,UOB_3Q25_Performance_Highlights,Net interest margin ²
UOB,ratio.npl,NPL ratio,Key financial ratios (%),1Q24,2024-03-31,1Q,mismatch,13.9,1.5,-12.4,%,span,UOB_1Q25_performance-highlights,NPL ratio ³
UOB,ratio.npl,NPL ratio,Key financial ratios (%),3Q24,2024-09-30,3Q,mismatch,15.5,1.5,-14.0,%,span,UOB_3Q25_Performance_Highlights,NPL ratio ³
UOB,ratio.npl,NPL ratio,Key financial ratios (%),1Q25,2025-03-31,1Q,mismatch,15.5,1.6,-13.9,%,span,UOB_1Q25_performance-highlights,NPL ratio ³
UOB,ratio.npl,NPL ratio,Key financial ratios (%),2Q25,2025-06-30,2Q,mismatch,15.3,1.6,-13.7,%,span,UOB_3Q25_Performance_Highlights,NPL ratio ³
UOB,ratio.npl,NPL ratio,Key financial ratios (%),3Q25,2025-09-30,3Q,mismatch,14.6,1.6,-13.0,%,span,UOB_3Q25_Performance_Highlights,NPL ratio ³
UOB,ratio.roa,Return on assets,Key financial ratios (%),1Q24,2024-03-31,1Q,mismatch,14.0,1.16,-12.84,%,span,UOB_1Q25_performance-highlights,Return on average total assets ²
UOB,ratio.roa,Return on assets,Key financial ratios (%),3Q24,2024-09-30,3Q,mismatch,14.0,1.23,-12.77,%,span,UOB_3Q25_Performance_Highlights,Return on average total assets ²
UOB,ratio.roa,Return on assets,Key financial ratios (%),1Q25,2025-03-31,1Q,mismatch,12.3,1.11,-11.19,%,span,UOB_1Q25_performance-highlights,Return on average total assets ²
UOB,ratio.roa,Return on assets,Key financial ratios (%),2Q25,2025-06-30,2Q,mismatch,11.0,0.99,-10.01,%,span,UOB_3Q25_Performance_Highlights,Return on average total assets ²
UOB,ratio.roa,Return on assets,Key financial ratios (%),3Q25,2025-09-30,3Q,mismatch,3.5,0.33,-3.17,%,span,UOB_3Q25_Performance_Highlights,Return on average total assets ²
UOB,ratio.roe,Return on equity,Key financial ratios (%),1Q24,2024-03-31,1Q,mismatch,1.5,13.3,11.8,%,span,UOB_1Q25_performance-highlights,"Return on average ordinary shareholders' equity ²,⁴"
UOB,ratio.roe,Return on equity,Key financial ratios (%),3Q24,2024-09-30,3Q,mismatch,1.5,14.0,12.5,%,span,UOB_3Q25_Performance_Highlights,"Return on average ordinary shareholders' equity 2,4"
UOB,ratio.roe,Return on equity,Key financial ratios (%),1Q25,2025-03-31,1Q,mismatch,1.6,12.3,10.7,%,span,UOB_1Q25_performance-highlights,"Return on average ordinary shareholders' equity ²,⁴"
UOB,ratio.roe,Return on equity,Key financial ratios (%),2Q25,2025-06-30,2Q,mismatch,1.6,11.0,9.4,%,span,UOB_3Q25_Performance_Highlights,"Return on average ordinary shareholders' equity 2,4"
UOB,ratio.roe,Return on equity,Key financial ratios (%),3Q25,2025-09-30,3Q,mismatch,1.6,3.5,1.9,%,span,UOB_3Q25_Performance_Highlights,"Return on average ordinary shareholders' equity 2,4"
DBS,bs.assets.customer_loans_gross,Customer loans (net for DBS per policy; gross for UOB/OCBC),Selected balance sheet items ($m),1Q23,2023-03-31,1Q,match,416976.0,416976.0,0.0,S$m,span,1Q23_trading_update,Customer loans
DBS,bs.assets.customer_loans_gross,Customer loans (net for DBS per policy; gross for UOB/OCBC),Selected balance sheet items ($m),2Q23,2023-06-30,2Q,missing,415713.0,,,,,,
DBS,bs.assets.customer_loans_gross,Customer loans (net for DBS per policy; gross for UOB/OCBC),Selected balance sheet items ($m),1H23,2023-06-30,1H,missing,415713.0,,,,,,
DBS,bs.assets.customer_loans_gross,Customer loans (net for DBS per policy; gross for UOB/OCBC),Selected balance sheet items ($m),3Q23,2023-09-30,3Q,missing,419927.0,,,,,,
DBS,bs.assets.customer_loans_gross,Customer loans (net for DBS per policy; gross for UOB/OCBC),Selected balance sheet items ($m),4Q23,2023-12-31,4Q,missing,416163.0,,,,,,
DBS,bs.assets.customer_loans_gross,Customer loans (net for DBS per policy; gross for UOB/OCBC),Selected balance sheet items ($m),2H23,2023-12-31,2H,missing,416163.0,,,,,,
DBS,bs.assets.customer_loans_gross,Customer loans (net for DBS per policy; gross for UOB/OCBC),Selected balance sheet items ($m),FY23,2023-12-31,FY,missing,416163.0,,,,,,
DBS,bs.assets.customer_loans_gross,Customer loans (net for DBS per policy; gross for UOB/OCBC),Selected balance sheet items ($m),1Q24,2024-03-31,1Q,match,424833.0,424833.0,0.0,S$m,span,DBS_1Q25_trading_update,Customer loans
DBS,bs.assets.customer_loans_gross,Customer loans (net for DBS per policy; gross for UOB/OCBC),Selected balance sheet items ($m),2Q24,2024-06-30,2Q,match,424837.0,424837.0,0.0,S$m,as_at_fallback,DBS_2Q25_performance_summary,Loans and advances to customers
DBS,bs.assets.customer_loans_gross,Customer loans (net for DBS per policy; gross for UOB/OCBC),Selected balance sheet items ($m),1H24,2024-06-30,1H,match,424837.0,424837.0,0.0,S$m,span,DBS_2Q25_performance_summary,Customer loans
DBS,bs.assets.customer_loans_gross,Customer loans (net for DBS per policy; gross for UOB/OCBC),Selected balance sheet items ($m),3Q24,2024-09-30,3Q,match,418068.0,418068.0,0.0,S$m,span,3Q25_trading_update,Customer loans
DBS,bs.assets.customer_loans_gross,Customer loans (net for DBS per policy; gross for UOB/OCBC),Selected balance sheet items ($m),4Q24,2024-12-31,4Q,match,430594.0,430594.0,0.0,S$m,span,DBS_1Q25_trading_update,Customer loans
DBS,bs.assets.customer_loans_gross,Customer loans (net for DBS per policy; gross for UOB/OCBC),Selected balance sheet items ($m),2H24,2024-12-31,2H,match,430594.0,430594.0,0.0,S$m,span,DBS_2Q25_performance_summary,Customer loans
DBS,bs.assets.customer_loans_gross,Customer loans (net for DBS per policy; gross for UOB/OCBC),Selected balance sheet items ($m),FY24,2024-12-31,FY,match,430594.0,430594.0,0.0,S$m,span,DBS_4Q25_performance_summary,Customer loans
DBS,bs.assets.customer_loans_gross,Customer loans (net for DBS per policy; gross for UOB/OCBC),Selected balance sheet items ($m),1Q25,2025-03-31,1Q,match,435295.0,435295.0,0.0,S$m,span,DBS_1Q25_trading_update,Customer loans
DBS,bs.assets.customer_loans_gross,Customer loans (net for DBS per policy; gross for UOB/OCBC),Selected balance sheet items ($m),2Q25,2025-06-30,2Q,match,433046.0,433046.0,0.0,S$m,span,3Q25_trading_update,Customer loans
DBS,bs.assets.customer_loans_gross,Customer loans (net for DBS per policy; gross for UOB/OCBC),Selected balance sheet items ($m),1H25,2025-06-30,1H,match,433046.0,433046.0,0.0,S$m,span,DBS_2Q25_performance_summary,Customer loans
DBS,bs.assets.customer_loans_gross,Customer loans (net for DBS per policy; gross for UOB/OCBC),Selected balance sheet items ($m),3Q25,2025-09-30,3Q,match,437027.0,437027.0,0.0,S$m,span,3Q25_trading_update,Customer loans
DBS,bs.assets.customer_loans_gross,Customer loans (net for DBS per policy; gross for UOB/OCBC),Selected balance sheet items ($m),4Q25,2025-12-31,4Q,match,445011.0,445011.0,0.0,S$m,span,DBS_1Q26_trading_update,Customer loans
DBS,bs.assets.customer_loans_gross,Customer loans (net for DBS per policy; gross for UOB/OCBC),Selected balance sheet items ($m),2H25,2025-12-31,2H,match,445011.0,445011.0,0.0,S$m,span,DBS_4Q25_performance_summary,Customer loans
DBS,bs.assets.customer_loans_gross,Customer loans (net for DBS per policy; gross for UOB/OCBC),Selected balance sheet items ($m),FY25,2025-12-31,FY,match,445011.0,445011.0,0.0,S$m,span,DBS_4Q25_performance_summary,Customer loans
DBS,bs.assets.total,Total assets,Selected balance sheet items ($m),1Q23,2023-03-31,1Q,match,744968.0,744968.0,0.0,S$m,span,1Q23_trading_update,Total assets
DBS,bs.assets.total,Total assets,Selected balance sheet items ($m),2Q23,2023-06-30,2Q,missing,757907.0,,,,,,
DBS,bs.assets.total,Total assets,Selected balance sheet items ($m),1H23,2023-06-30,1H,missing,757907.0,,,,,,
DBS,bs.assets.total,Total assets,Selected balance sheet items ($m),3Q23,2023-09-30,3Q,missing,745173.0,,,,,,
DBS,bs.assets.total,Total assets,Selected balance sheet items ($m),4Q23,2023-12-31,4Q,missing,739301.0,,,,,,
DBS,bs.assets.total,Total assets,Selected balance sheet items ($m),2H23,2023-12-31,2H,missing,739301.0,,,,,,
DBS,bs.assets.total,Total assets,Selected balance sheet items ($m),FY23,2023-12-31,FY,missing,739301.0,,,,,,
DBS,bs.assets.total,Total assets,Selected balance sheet items ($m),1Q24,2024-03-31,1Q,match,783208.0,783208.0,0.0,S$m,span,DBS_1Q25_trading_update,Total assets
DBS,bs.assets.total,Total assets,Selected balance sheet items ($m),2Q24,2024-06-30,2Q,match,790111.0,790111.0,0.0,S$m,as_at_fallback,DBS_2Q25_performance_summary,Total assets
DBS,bs.assets.total,Total assets,Selected balance sheet items ($m),1H24,2024-06-30,1H,match,790111.0,790111.0,0.0,S$m,span,DBS_2Q25_performance_summary,Total assets
DBS,bs.assets.total,Total assets,Selected balance sheet items ($m),3Q24,2024-09-30,3Q,match,789609.0,789609.0,0.0,S$m,span,3Q25_trading_update,Total assets
DBS,bs.assets.total,Total assets,Selected balance sheet items ($m),4Q24,2024-12-31,4Q,match,827219.0,827219.0,0.0,S$m,span,DBS_1Q25_trading_update,Total assets
DBS,bs.assets.total,Total assets,Selected balance sheet items ($m),2H24,2024-12-31,2H,match,827219.0,827219.0,0.0,S$m,span,DBS_2Q25_performance_summary,Total assets
DBS,bs.assets.total,Total assets,Selected balance sheet items ($m),FY24,2024-12-31,FY,match,827219.0,827219.0,0.0,S$m,span,DBS_4Q25_performance_summary,Total assets
DBS,bs.assets.total,Total assets,Selected balance sheet items ($m),1Q25,2025-03-31,1Q,match,840823.0,840823.0,0.0,S$m,span,DBS_1Q25_trading_update,Total assets
DBS,bs.assets.total,Total assets,Selected balance sheet items ($m),2Q25,2025-06-30,2Q,match,841896.0,841896.0,0.0,S$m,span,3Q25_trading_update,Total assets
DBS,bs.assets.total,Total assets,Selected balance sheet items ($m),1H25,2025-06-30,1H,match,841896.0,841896.0,0.0,S$m,span,DBS_2Q25_performance_summary,Total assets
DBS,bs.assets.total,Total assets,Selected balance sheet items ($m),3Q25,2025-09-30,3Q,match,881622.0,881622.0,0.0,S$m,span,3Q25_trading_update,Total assets
DBS,bs.assets.total,Total assets,Selected balance sheet items ($m),4Q25,2025-12-31,4Q,match,897488.0,897488.0,0.0,S$m,span,DBS_1Q26_trading_update,Total assets
DBS,bs.assets.total,Total assets,Selected balance sheet items ($m),2H25,2025-12-31,2H,match,897488.0,897488.0,0.0,S$m,span,DBS_4Q25_performance_summary,Total assets
DBS,bs.assets.total,Total assets,Selected balance sheet items ($m),FY25,2025-12-31,FY,match,897488.0,897488.0,0.0,S$m,span,DBS_4Q25_performance_summary,Total assets
DBS,bs.equity.shareholders,Shareholders' equity,Selected balance sheet items ($m),1Q23,2023-03-31,1Q,match,57595.0,57595.0,0.0,S$m,span,1Q23_trading_update,Shareholders’ funds
DBS,bs.equity.shareholders,Shareholders' equity,Selected balance sheet items ($m),2Q23,2023-06-30,2Q,missing,58748.0,,,,,,
DBS,bs.equity.shareholders,Shareholders' equity,Selected balance sheet items ($m),1H23,2023-06-30,1H,missing,58748.0,,,,,,
DBS,bs.equity.shareholders,Shareholders' equity,Selected balance sheet items ($m),3Q23,2023-09-30,3Q,missing,59940.0,,,,,,
DBS,bs.equity.shareholders,Shareholders' equity,Selected balance sheet items ($m),4Q23,2023-12-31,4Q,missing,62065.0,,,,,,
DBS,bs.equity.shareholders,Shareholders' equity,Selected balance sheet items ($m),2H23,2023-12-31,2H,missing,62065.0,,,,,,
DBS,bs.equity.shareholders,Shareholders' equity,Selected balance sheet items ($m),FY23,2023-12-31,FY,missing,62065.0,,,,,,
DBS,bs.equity.shareholders,Shareholders' equity,Selected balance sheet items ($m),1Q24,2024-03-31,1Q,match,63683.0,63683.0,0.0,S$m,span,DBS_1Q25_trading_update,Shareholders' funds
DBS,bs.equity.shareholders,Shareholders' equity,Selected balance sheet items ($m),2Q24,2024-06-30,2Q,match,65301.0,65301.0,0.0,S$m,as_at_fallback,DBS_2Q25_performance_summary,Shareholders’ funds
DBS,bs.equity.shareholders,Shareholders' equity,Selected balance sheet items ($m),1H24,2024-06-30,1H,match,65301.0,65301.0,0.0,S$m,span,DBS_2Q25_performance_summary,Shareholders’ funds
DBS,bs.equity.shareholders,Shareholders' equity,Selected balance sheet items ($m),3Q24,2024-09-30,3Q,match,67266.0,67266.0,0.0,S$m,span,3Q25_trading_update,Shareholders’ funds
DBS,bs.equity.shareholders,Shareholders' equity,Selected balance sheet items ($m),4Q24,2024-12-31,4Q,match,68786.0,68786.0,0.0,S$m,span,DBS_1Q25_trading_update,Shareholders' funds
DBS,bs.equity.shareholders,Shareholders' equity,Selected balance sheet items ($m),2H24,2024-12-31,2H,match,68786.0,68786.0,0.0,S$m,span,DBS_2Q25_performance_summary,Shareholders’ funds
DBS,bs.equity.shareholders,Shareholders' equity,Selected balance sheet items ($m),FY24,2024-12-31,FY,match,68786.0,68786.0,0.0,S$m,span,DBS_4Q25_performance_summary,Shareholders’ funds
DBS,bs.equity.shareholders,Shareholders' equity,Selected balance sheet items ($m),1Q25,2025-03-31,1Q,match,68697.0,68697.0,0.0,S$m,span,DBS_1Q25_trading_update,Shareholders' funds
DBS,bs.equity.shareholders,Shareholders' equity,Selected balance sheet items ($m),2Q25,2025-06-30,2Q,match,68564.0,68564.0,0.0,S$m,span,3Q25_trading_update,Shareholders’ funds
DBS,bs.equity.shareholders,Shareholders' equity,Selected balance sheet items ($m),1H25,2025-06-30,1H,match,68564.0,68564.0,0.0,S$m,span,DBS_2Q25_performance_summary,Shareholders’ funds
DBS,bs.equity.shareholders,Shareholders' equity,Selected balance sheet items ($m),3Q25,2025-09-30,3Q,match,68845.0,68845.0,0.0,S$m,span,3Q25_trading_update,Shareholders’ funds
DBS,bs.equity.shareholders,Shareholders' equity,Selected balance sheet items ($m),4Q25,2025-12-31,4Q,match,68867.0,68867.0,0.0,S$m,span,DBS_1Q26_trading_update,Shareholders’ funds
DBS,bs.equity.shareholders,Shareholders' equity,Selected balance sheet items ($m),2H25,2025-12-31,2H,match,68867.0,68867.0,0.0,S$m,span,DBS_4Q25_performance_summary,Shareholders’ funds
DBS,bs.equity.shareholders,Shareholders' equity,Selected balance sheet items ($m),FY25,2025-12-31,FY,match,68867.0,68867.0,0.0,S$m,span,DBS_4Q25_performance_summary,Shareholders’ funds
DBS,bs.liabilities.customer_deposits,Customer deposits,Selected balance sheet items ($m),1Q23,2023-03-31,1Q,match,529223.0,529223.0,0.0,S$m,span,1Q23_trading_update,Customer deposits
DBS,bs.liabilities.customer_deposits,Customer deposits,Selected balance sheet items ($m),2Q23,2023-06-30,2Q,missing,520071.0,,,,,,
DBS,bs.liabilities.customer_deposits,Customer deposits,Selected balance sheet items ($m),1H23,2023-06-30,1H,missing,520071.0,,,,,,
DBS,bs.liabilities.customer_deposits,Customer deposits,Selected balance sheet items ($m),3Q23,2023-09-30,3Q,missing,531269.0,,,,,,
DBS,bs.liabilities.customer_deposits,Customer deposits,Selected balance sheet items ($m),4Q23,2023-12-31,4Q,missing,535103.0,,,,,,
DBS,bs.liabilities.customer_deposits,Customer deposits,Selected balance sheet items ($m),2H23,2023-12-31,2H,missing,535103.0,,,,,,
DBS,bs.liabilities.customer_deposits,Customer deposits,Selected balance sheet items ($m),FY23,2023-12-31,FY,missing,535103.0,,,,,,
DBS,bs.liabilities.customer_deposits,Customer deposits,Selected balance sheet items ($m),1Q24,2024-03-31,1Q,match,547197.0,547197.0,0.0,S$m,span,DBS_1Q25_trading_update,Customer deposits
DBS,bs.liabilities.customer_deposits,Customer deposits,Selected balance sheet items ($m),2Q24,2024-06-30,2Q,match,551088.0,551088.0,0.0,S$m,as_at_fallback,DBS_2Q25_performance_summary,Deposits and balances from customers
DBS,bs.liabilities.customer_deposits,Customer deposits,Selected balance sheet items ($m),1H24,2024-06-30,1H,match,551088.0,551088.0,0.0,S$m,span,DBS_2Q25_performance_summary,Customer deposits
DBS,bs.liabilities.customer_deposits,Customer deposits,Selected balance sheet items ($m),3Q24,2024-09-30,3Q,match,544961.0,544961.0,0.0,S$m,span,3Q25_trading_update,Customer deposits
DBS,bs.liabilities.customer_deposits,Customer deposits,Selected balance sheet items ($m),4Q24,2024-12-31,4Q,match,561730.0,561730.0,0.0,S$m,span,DBS_1Q25_trading_update,Customer deposits
DBS,bs.liabilities.customer_deposits,Customer deposits,Selected balance sheet items ($m),2H24,2024-12-31,2H,match,561730.0,561730.0,0.0,S$m,span,DBS_2Q25_performance_summary,Customer deposits
DBS,bs.liabilities.customer_deposits,Customer deposits,Selected balance sheet items ($m),FY24,2024-12-31,FY,match,561730.0,561730.0,0.0,S$m,span,DBS_4Q25_performance_summary,Customer deposits
DBS,bs.liabilities.customer_deposits,Customer deposits,Selected balance sheet items ($m),1Q25,2025-03-31,1Q,match,575663.0,575663.0,0.0,S$m,span,DBS_1Q25_trading_update,Customer deposits
DBS,bs.liabilities.customer_deposits,Customer deposits,Selected balance sheet items ($m),2Q25,2025-06-30,2Q,match,573965.0,573965.0,0.0,S$m,span,3Q25_trading_update,Customer deposits
DBS,bs.liabilities.customer_deposits,Customer deposits,Selected balance sheet items ($m),1H25,2025-06-30,1H,match,573965.0,573965.0,0.0,S$m,span,DBS_2Q25_performance_summary,Customer deposits
DBS,bs.liabilities.customer_deposits,Customer deposits,Selected balance sheet items ($m),3Q25,2025-09-30,3Q,match,596073.0,596073.0,0.0,S$m,span,3Q25_trading_update,Customer deposits
DBS,bs.liabilities.customer_deposits,Customer deposits,Selected balance sheet items ($m),4Q25,2025-12-31,4Q,match,610023.0,610023.0,0.0,S$m,span,DBS_1Q26_trading_update,Customer deposits
DBS,bs.liabilities.customer_deposits,Customer deposits,Selected balance sheet items ($m),2H25,2025-12-31,2H,match,610023.0,610023.0,0.0,S$m,span,DBS_4Q25_performance_summary,Customer deposits
DBS,bs.liabilities.customer_deposits,Customer deposits,Selected balance sheet items ($m),FY25,2025-12-31,FY,match,610023.0,610023.0,0.0,S$m,span,DBS_4Q25_performance_summary,Customer deposits
DBS,bs.liabilities.total,Total liabilities,Selected balance sheet items ($m),1Q23,2023-03-31,1Q,match,687184.0,687184.0,0.0,S$m,span,1Q23_trading_update,Total liabilities
DBS,bs.liabilities.total,Total liabilities,Selected balance sheet items ($m),2Q23,2023-06-30,2Q,missing,698972.0,,,,,,
DBS,bs.liabilities.total,Total liabilities,Selected balance sheet items ($m),1H23,2023-06-30,1H,missing,698972.0,,,,,,
DBS,bs.liabilities.total,Total liabilities,Selected balance sheet items ($m),3Q23,2023-09-30,3Q,missing,685053.0,,,,,,
DBS,bs.liabilities.total,Total liabilities,Selected balance sheet items ($m),4Q23,2023-12-31,4Q,missing,677054.0,,,,,,
DBS,bs.liabilities.total,Total liabilities,Selected balance sheet items ($m),2H23,2023-12-31,2H,missing,677054.0,,,,,,
DBS,bs.liabilities.total,Total liabilities,Selected balance sheet items ($m),FY23,2023-12-31,FY,missing,677054.0,,,,,,
DBS,bs.liabilities.total,Total liabilities,Selected balance sheet items ($m),1Q24,2024-03-31,1Q,match,719336.0,719336.0,0.0,S$m,span,DBS_1Q25_trading_update,Total liabilities
DBS,bs.liabilities.total,Total liabilities,Selected balance sheet items ($m),2Q24,2024-06-30,2Q,match,724617.0,724617.0,0.0,S$m,as_at_fallback,DBS_2Q25_performance_summary,Total liabilities
DBS,bs.liabilities.total,Total liabilities,Selected balance sheet items ($m),1H24,2024-06-30,1H,match,724617.0,724617.0,0.0,S$m,span,DBS_2Q25_performance_summary,Total liabilities
DBS,bs.liabilities.total,Total liabilities,Selected balance sheet items ($m),3Q24,2024-09-30,3Q,match,722154.0,722154.0,0.0,S$m,span,3Q25_trading_update,Total liabilities
DBS,bs.liabilities.total,Total liabilities,Selected balance sheet items ($m),4Q24,2024-12-31,4Q,match,758386.0,758386.0,0.0,S$m,span,DBS_1Q25_trading_update,Total liabilities
DBS,bs.liabilities.total,Total liabilities,Selected balance sheet items ($m),2H24,2024-12-31,2H,match,758386.0,758386.0,0.0,S$m,span,DBS_2Q25_performance_summary,Total liabilities
DBS,bs.liabilities.total,Total liabilities,Selected balance sheet items ($m),FY24,2024-12-31,FY,match,758386.0,758386.0,0.0,S$m,span,DBS_4Q25_performance_summary,Total liabilities
DBS,bs.liabilities.total,Total liabilities,Selected balance sheet items ($m),1Q25,2025-03-31,1Q,match,772080.0,772080.0,0.0,S$m,span,DBS_1Q25_trading_update,Total liabilities
DBS,bs.liabilities.total,Total liabilities,Selected balance sheet items ($m),2Q25,2025-06-30,2Q,match,773286.0,773286.0,0.0,S$m,span,3Q25_trading_update,Total liabilities
DBS,bs.liabilities.total,Total liabilities,Selected balance sheet items ($m),1H25,2025-06-30,1H,match,773286.0,773286.0,0.0,S$m,span,DBS_2Q25_performance_summary,Total liabilities
DBS,bs.liabilities.total,Total liabilities,Selected balance sheet items ($m),3Q25,2025-09-30,3Q,match,812729.0,812729.0,0.0,S$m,span,3Q25_trading_update,Total liabilities
DBS,bs.liabilities.total,Total liabilities,Selected balance sheet items ($m),4Q25,2025-12-31,4Q,match,828572.0,828572.0,0.0,S$m,span,DBS_1Q26_trading_update,Total liabilities
DBS,bs.liabilities.total,Total liabilities,Selected balance sheet items ($m),2H25,2025-12-31,2H,match,828572.0,828572.0,0.0,S$m,span,DBS_4Q25_performance_summary,Total liabilities
DBS,bs.liabilities.total,Total liabilities,Selected balance sheet items ($m),FY25,2025-12-31,FY,match,828572.0,828572.0,0.0,S$m,span,DBS_4Q25_performance_summary,Total liabilities
DBS,bs.nav_per_share,Net asset value per share,Per share (S$),1Q23,2023-03-31,1Q,match,21.41,21.41,0.0,per_share,span,1Q23_trading_update,– net book value⁶
DBS,bs.nav_per_share,Net asset value per share,Per share (S$),2Q23,2023-06-30,2Q,missing,21.85,,,,,,
DBS,bs.nav_per_share,Net asset value per share,Per share (S$),1H23,2023-06-30,1H,missing,19.87,,,,,,
DBS,bs.nav_per_share,Net asset value per share,Per share (S$),3Q23,2023-09-30,3Q,missing,22.31,,,,,,
DBS,bs.nav_per_share,Net asset value per share,Per share (S$),4Q23,2023-12-31,4Q,missing,23.14,,,,,,
DBS,bs.nav_per_share,Net asset value per share,Per share (S$),2H23,2023-12-31,2H,missing,21.03,,,,,,
DBS,bs.nav_per_share,Net asset value per share,Per share (S$),FY23,2023-12-31,FY,missing,21.03,,,,,,
DBS,bs.nav_per_share,Net asset value per share,Per share (S$),1Q24,2024-03-31,1Q,match,21.55,21.55,0.0,per_share,span,DBS_1Q25_trading_update,– net book value5
DBS,bs.nav_per_share,Net asset value per share,Per share (S$),2Q24,2024-06-30,2Q,missing,22.12,,,,,,
DBS,bs.nav_per_share,Net asset value per share,Per share (S$),1H24,2024-06-30,1H,missing,22.12,,,,,,
DBS,bs.nav_per_share,Net asset value per share,Per share (S$),3Q24,2024-09-30,3Q,match,22.81,22.81,0.0,per_share,span,3Q25_trading_update,– net book value4
DBS,bs.nav_per_share,Net asset value per share,Per share (S$),4Q24,2024-12-31,4Q,match,23.38,23.38,0.0,per_share,span,DBS_1Q25_trading_update,– net book value5
DBS,bs.nav_per_share,Net asset value per share,Per share (S$),2H24,2024-12-31,2H,match,23.38,23.38,0.0,per_share,span,DBS_4Q25_performance_summary,Net book value5
DBS,bs.nav_per_share,Net asset value per share,Per share (S$),FY24,2024-12-31,FY,match,23.38,23.38,0.0,per_share,span,DBS_4Q25_performance_summary,Net book value5
DBS,bs.nav_per_share,Net asset value per share,Per share (S$),1Q25,2025-03-31,1Q,match,23.81,23.81,0.0,per_share,span,DBS_1Q26_trading_update,Net book value5
DBS,bs.nav_per_share,Net asset value per share,Per share (S$),2Q25,2025-06-30,2Q,match,23.82,23.82,0.0,per_share,span,3Q25_trading_update,– net book value4
DBS,bs.nav_per_share,Net asset value per share,Per share (S$),1H25,2025-06-30,1H,match,23.82,23.82,0.0,per_share,span,DBS_4Q25_performance_summary,Net book value5
DBS,bs.nav_per_share,Net asset value per share,Per share (S$),3Q25,2025-09-30,3Q,match,24.28,24.28,0.0,per_share,span,3Q25_trading_update,– net book value4
DBS,bs.nav_per_share,Net asset value per share,Per share (S$),4Q25,2025-12-31,4Q,match,24.29,24.29,0.0,per_share,span,DBS_1Q26_trading_update,Net book value5
DBS,bs.nav_per_share,Net asset value per share,Per share (S$),2H25,2025-12-31,2H,match,24.29,24.29,0.0,per_share,span,DBS_4Q25_performance_summary,Net book value5
DBS,bs.nav_per_share,Net asset value per share,Per share (S$),FY25,2025-12-31,FY,match,24.29,24.29,0.0,per_share,span,DBS_4Q25_performance_summary,Net book value5
DBS,pnl.associates,Share of profits/losses of associates and JVs,Selected income statement items ($m),1Q23,2023-03-31,1Q,match,63.0,63.0,0.0,S$m,span,1Q23_trading_update,Share of profits/losses of associates and JVs
DBS,pnl.associates,Share of profits/losses of associates and JVs,Selected income statement items ($m),2Q23,2023-06-30,2Q,missing,42.0,,,,,,
DBS,pnl.associates,Share of profits/losses of associates and JVs,Selected income statement items ($m),1H23,2023-06-30,1H,missing,105.0,,,,,,
DBS,pnl.associates,Share of profits/losses of associates and JVs,Selected income statement items ($m),3Q23,2023-09-30,3Q,missing,62.0,,,,,,
DBS,pnl.associates,Share of profits/losses of associates and JVs,Selected income statement items ($m),4Q23,2023-12-31,4Q,missing,47.0,,,,,,
DBS,pnl.associates,Share of profits/losses of associates and JVs,Selected income statement items ($m),2H23,2023-12-31,2H,missing,109.0,,,,,,
DBS,pnl.associates,Share of profits/losses of associates and JVs,Selected income statement items ($m),FY23,2023-12-31,FY,missing,214.0,,,,,,
DBS,pnl.associates,Share of profits/losses of associates and JVs,Selected income statement items ($m),1Q24,2024-03-31,1Q,match,51.0,51.0,0.0,S$m,span,DBS_1Q25_trading_update,Share of profits/losses of associates and JVs
DBS,pnl.associates,Share of profits/losses of associates and JVs,Selected income statement items ($m),2Q24,2024-06-30,2Q,missing,63.0,,,,,,
DBS,pnl.associates,Share of profits/losses of associates and JVs,Selected income statement items ($m),1H24,2024-06-30,1H,match,114.0,114.0,0.0,S$m,span,DBS_2Q25_performance_summary,Share of profits/losses of associates and JVs
DBS,pnl.associates,Share of profits/losses of associates and JVs,Selected income statement items ($m),3Q24,2024-09-30,3Q,match,66.0,66.0,0.0,S$m,span,3Q25_trading_update,Share of profits/losses of associates and JVs
DBS,pnl.associates,Share of profits/losses of associates and JVs,Selected income statement items ($m),4Q24,2024-12-31,4Q,match,70.0,70.0,0.0,S$m,span,DBS_1Q25_trading_update,Share of profits/losses of associates and JVs
DBS,pnl.associates,Share of profits/losses of associates and JVs,Selected income statement items ($m),2H24,2024-12-31,2H,match,136.0,136.0,0.0,S$m,span,DBS_2Q25_performance_summary,Share of profits/losses of associates and JVs
DBS,pnl.associates,Share of profits/losses of associates and JVs,Selected income statement items ($m),FY24,2024-12-31,FY,match,250.0,250.0,0.0,S$m,span,DBS_4Q25_performance_summary,Share of profits/losses of associates and JVs
DBS,pnl.associates,Share of profits/losses of associates and JVs,Selected income statement items ($m),1Q25,2025-03-31,1Q,match,77.0,77.0,0.0,S$m,span,DBS_1Q26_trading_update,Share of profits/losses of associates and JVs
DBS,pnl.associates,Share of profits/losses of associates and JVs,Selected income statement items ($m),2Q25,2025-06-30,2Q,match,65.0,65.0,0.0,S$m,span,3Q25_trading_update,Share of profits/losses of associates and JVs
DBS,pnl.associates,Share of profits/losses of associates and JVs,Selected income statement items ($m),1H25,2025-06-30,1H,match,142.0,142.0,0.0,S$m,span,DBS_2Q25_performance_summary,Share of profits/losses of associates and JVs
DBS,pnl.associates,Share of profits/losses of associates and JVs,Selected income statement items ($m),3Q25,2025-09-30,3Q,match,67.0,67.0,0.0,S$m,span,3Q25_trading_update,Share of profits/losses of associates and JVs
DBS,pnl.associates,Share of profits/losses of associates and JVs,Selected income statement items ($m),4Q25,2025-12-31,4Q,match,53.0,53.0,0.0,S$m,span,DBS_1Q26_trading_update,Share of profits/losses of associates and JVs
DBS,pnl.associates,Share of profits/losses of associates and JVs,Selected income statement items ($m),2H25,2025-12-31,2H,match,120.0,120.0,0.0,S$m,span,DBS_4Q25_performance_summary,Share of profits/losses of associates and JVs
DBS,pnl.associates,Share of profits/losses of associates and JVs,Selected income statement items ($m),FY25,2025-12-31,FY,match,262.0,262.0,0.0,S$m,span,DBS_4Q25_performance_summary,Share of profits/losses of associates and JVs
DBS,pnl.eps.basic,Basic earnings per share,Per share (S$),1Q23,2023-03-31,1Q,missing,4.02,,,,,,
DBS,pnl.eps.basic,Basic earnings per share,Per share (S$),2Q23,2023-06-30,2Q,missing,4.15,,,,,,
DBS,pnl.eps.basic,Basic earnings per share,Per share (S$),1H23,2023-06-30,1H,missing,3.71,,,,,,
DBS,pnl.eps.basic,Basic earnings per share,Per share (S$),3Q23,2023-09-30,3Q,missing,4.02,,,,,,
DBS,pnl.eps.basic,Basic earnings per share,Per share (S$),4Q23,2023-12-31,4Q,missing,3.65,,,,,,
DBS,pnl.eps.basic,Basic earnings per share,Per share (S$),2H23,2023-12-31,2H,missing,3.49,,,,,,
DBS,pnl.eps.basic,Basic earnings per share,Per share (S$),FY23,2023-12-31,FY,missing,3.6,,,,,,
DBS,pnl.eps.basic,Basic earnings per share,Per share (S$),1Q24,2024-03-31,1Q,missing,4.16,,,,,,
DBS,pnl.eps.basic,Basic earnings per share,Per share (S$),2Q24,2024-06-30,2Q,missing,3.93,,,,,,
DBS,pnl.eps.basic,Basic earnings per share,Per share (S$),1H24,2024-06-30,1H,missing,4.05,,,,,,
DBS,pnl.eps.basic,Basic earnings per share,Per share (S$),3Q24,2024-09-30,3Q,missing,4.21,,,,,,
DBS,pnl.eps.basic,Basic earnings per share,Per share (S$),4Q24,2024-12-31,4Q,missing,3.64,,,,,,
DBS,pnl.eps.basic,Basic earnings per share,Per share (S$),2H24,2024-12-31,2H,match,3.92,3.92,0.0,per_share,span,DBS_4Q25_performance_summary,Basic
DBS,pnl.eps.basic,Basic earnings per share,Per share (S$),FY24,2024-12-31,FY,match,3.98,3.98,0.0,per_share,span,DBS_4Q25_performance_summary,Basic
DBS,pnl.eps.basic,Basic earnings per share,Per share (S$),1Q25,2025-03-31,1Q,match,4.11,4.11,0.0,per_share,span,DBS_1Q26_trading_update,Basic
DBS,pnl.eps.basic,Basic earnings per share,Per share (S$),2Q25,2025-06-30,2Q,missing,3.98,,,,,,
DBS,pnl.eps.basic,Basic earnings per share,Per share (S$),1H25,2025-06-30,1H,match,4.04,4.04,0.0,per_share,span,DBS_4Q25_performance_summary,Basic
DBS,pnl.eps.basic,Basic earnings per share,Per share (S$),3Q25,2025-09-30,3Q,missing,4.12,,,,,,
DBS,pnl.eps.basic,Basic earnings per share,Per share (S$),4Q25,2025-12-31,4Q,match,3.3,3.3,0.0,per_share,span,DBS_1Q26_trading_update,Basic
DBS,pnl.eps.basic,Basic earnings per share,Per share (S$),2H25,2025-12-31,2H,match,3.71,3.71,0.0,per_share,span,DBS_4Q25_performance_summary,Basic
DBS,pnl.eps.basic,Basic earnings per share,Per share (S$),FY25,2025-12-31,FY,match,3.88,3.88,0.0,per_share,span,DBS_4Q25_performance_summary,Basic
DBS,pnl.eps.diluted,Diluted earnings per share,Per share (S$),1Q24,2024-03-31,1Q,missing,4.16,,,,,,
DBS,pnl.eps.diluted,Diluted earnings per share,Per share (S$),2Q24,2024-06-30,2Q,missing,3.93,,,,,,
DBS,pnl.eps.diluted,Diluted earnings per share,Per share (S$),3Q24,2024-09-30,3Q,missing,4.21,,,,,,
DBS,pnl.eps.diluted,Diluted earnings per share,Per share (S$),4Q24,2024-12-31,4Q,missing,3.64,,,,,,
DBS,pnl.eps.diluted,Diluted earnings per share,Per share (S$),2H24,2024-12-31,2H,match,3.92,3.92,0.0,per_share,span,DBS_4Q25_performance_summary,Diluted9
DBS,pnl.eps.diluted,Diluted earnings per share,Per share (S$),1Q25,2025-03-31,1Q,match,4.11,4.11,0.0,per_share,span,DBS_1Q26_trading_update,Diluted8
DBS,pnl.eps.diluted,Diluted earnings per share,Per share (S$),2Q25,2025-06-30,2Q,missing,3.98,,,,,,
DBS,pnl.eps.diluted,Diluted earnings per share,Per share (S$),1H25,2025-06-30,1H,match,4.04,4.04,0.0,per_share,span,DBS_4Q25_performance_summary,Diluted9
DBS,pnl.eps.diluted,Diluted earnings per share,Per share (S$),3Q25,2025-09-30,3Q,missing,4.12,,,,,,
DBS,pnl.eps.diluted,Diluted earnings per share,Per share (S$),4Q25,2025-12-31,4Q,match,3.28,3.28,0.0,per_share,span,DBS_1Q26_trading_update,Diluted8
DBS,pnl.eps.diluted,Diluted earnings per share,Per share (S$),2H25,2025-12-31,2H,match,3.69,3.69,0.0,per_share,span,DBS_4Q25_performance_summary,Diluted9
DBS,pnl.eps.diluted,Diluted earnings per share,Per share (S$),FY25,2025-12-31,FY,match,3.86,3.86,0.0,per_share,span,DBS_4Q25_performance_summary,Diluted9
DBS,pnl.income.total,Total income,Selected income statement items ($m),1Q23,2023-03-31,1Q,match,4936.0,4936.0,0.0,S$m,span,1Q23_trading_update,Total income
DBS,pnl.income.total,Total income,Selected income statement items ($m),2Q23,2023-06-30,2Q,missing,5045.0,,,,,,
DBS,pnl.income.total,Total income,Selected income statement items ($m),1H23,2023-06-30,1H,missing,9981.0,,,,,,
DBS,pnl.income.total,Total income,Selected income statement items ($m),3Q23,2023-09-30,3Q,missing,5192.0,,,,,,
DBS,pnl.income.total,Total income,Selected income statement items ($m),4Q23,2023-12-31,4Q,missing,5007.0,,,,,,
DBS,pnl.income.total,Total income,Selected income statement items ($m),2H23,2023-12-31,2H,missing,10199.0,,,,,,
DBS,pnl.income.total,Total income,Selected income statement items ($m),FY23,2023-12-31,FY,missing,20180.0,,,,,,
DBS,pnl.income.total,Total income,Selected income statement items ($m),1Q24,2024-03-31,1Q,match,5557.0,5557.0,0.0,S$m,span,DBS_1Q25_trading_update,Total income
DBS,pnl.income.total,Total income,Selected income statement items ($m),2Q24,2024-06-30,2Q,missing,5482.0,,,,,,
DBS,pnl.income.total,Total income,Selected income statement items ($m),1H24,2024-06-30,1H,match,11039.0,11039.0,0.0,S$m,span,DBS_2Q25_performance_summary,Total income
DBS,pnl.income.total,Total income,Selected income statement items ($m),3Q24,2024-09-30,3Q,match,5753.0,5753.0,0.0,S$m,span,3Q25_trading_update,Total income
DBS,pnl.income.total,Total income,Selected income statement items ($m),4Q24,2024-12-31,4Q,match,5505.0,5505.0,0.0,S$m,span,DBS_1Q25_trading_update,Total income
DBS,pnl.income.total,Total income,Selected income statement items ($m),2H24,2024-12-31,2H,match,11258.0,11258.0,0.0,S$m,span,DBS_2Q25_performance_summary,Total income
DBS,pnl.income.total,Total income,Selected income statement items ($m),FY24,2024-12-31,FY,match,22297.0,22297.0,0.0,S$m,span,DBS_4Q25_performance_summary,Total income
DBS,pnl.income.total,Total income,Selected income statement items ($m),1Q25,2025-03-31,1Q,match,5905.0,5905.0,0.0,S$m,span,DBS_1Q26_trading_update,Total income
DBS,pnl.income.total,Total income,Selected income statement items ($m),2Q25,2025-06-30,2Q,match,5732.0,5732.0,0.0,S$m,span,3Q25_trading_update,Total income
DBS,pnl.income.total,Total income,Selected income statement items ($m),1H25,2025-06-30,1H,match,11637.0,11637.0,0.0,S$m,span,DBS_2Q25_performance_summary,Total income
DBS,pnl.income.total,Total income,Selected income statement items ($m),3Q25,2025-09-30,3Q,match,5932.0,5932.0,0.0,S$m,span,3Q25_trading_update,Total income
DBS,pnl.income.total,Total income,Selected income statement items ($m),4Q25,2025-12-31,4Q,match,5331.0,5331.0,0.0,S$m,span,DBS_1Q26_trading_update,Total income
DBS,pnl.income.total,Total income,Selected income statement items ($m),2H25,2025-12-31,2H,match,11263.0,11263.0,0.0,S$m,span,DBS_4Q25_performance_summary,Total income
DBS,pnl.income.total,Total income,Selected income statement items ($m),FY25,2025-12-31,FY,match,22900.0,22900.0,0.0,S$m,span,DBS_4Q25_performance_summary,Total income
DBS,pnl.nii.net,Net interest income,Selected income statement items ($m),2Q23,2023-06-30,2Q,missing,3433.0,,,,,,
DBS,pnl.nii.net,Net interest income,Selected income statement items ($m),1H23,2023-06-30,1H,missing,6704.0,,,,,,
DBS,pnl.nii.net,Net interest income,Selected income statement items ($m),3Q23,2023-09-30,3Q,missing,3504.0,,,,,,
DBS,pnl.nii.net,Net interest income,Selected income statement items ($m),4Q23,2023-12-31,4Q,missing,3434.0,,,,,,
DBS,pnl.nii.net,Net interest income,Selected income statement items ($m),2H23,2023-12-31,2H,missing,6938.0,,,,,,
DBS,pnl.nii.net,Net interest income,Selected income statement items ($m),FY23,2023-12-31,FY,missing,13642.0,,,,,,
DBS,pnl.nii.net,Net interest income,Selected income statement items ($m),1Q24,2024-03-31,1Q,match,3505.0,3505.0,0.0,S$m,span,derived,SEG_TOTAL = SEG_COMMERCIAL + SEG_MARKETS
DBS,pnl.nii.net,Net interest income,Selected income statement items ($m),2Q24,2024-06-30,2Q,missing,3594.0,,,,,,
DBS,pnl.nii.net,Net interest income,Selected income statement items ($m),1H24,2024-06-30,1H,match,7099.0,7099.0,0.0,S$m,span,DBS_2Q25_performance_summary,Net interest income
DBS,pnl.nii.net,Net interest income,Selected income statement items ($m),4Q24,2024-12-31,4Q,match,3728.0,3728.0,0.0,S$m,span,derived,SEG_TOTAL = SEG_COMMERCIAL + SEG_MARKETS
DBS,pnl.nii.net,Net interest income,Selected income statement items ($m),2H24,2024-12-31,2H,match,7325.0,7325.0,0.0,S$m,span,DBS_2Q25_performance_summary,Net interest income
DBS,pnl.nii.net,Net interest income,Selected income statement items ($m),FY24,2024-12-31,FY,match,14424.0,14424.0,0.0,S$m,span,DBS_4Q25_performance_summary,Net interest income
DBS,pnl.nii.net,Net interest income,Selected income statement items ($m),1Q25,2025-03-31,1Q,match,3681.0,3681.0,0.0,S$m,span,DBS_1Q26_trading_update,Of which: Net interest income
DBS,pnl.nii.net,Net interest income,Selected income statement items ($m),1H25,2025-06-30,1H,match,7329.0,7329.0,0.0,S$m,span,DBS_2Q25_performance_summary,Net interest income
DBS,pnl.nii.net,Net interest income,Selected income statement items ($m),4Q25,2025-12-31,4Q,match,3593.0,3593.0,0.0,S$m,span,DBS_1Q26_trading_update,Of which: Net interest income
DBS,pnl.nii.net,Net interest income,Selected income statement items ($m),2H25,2025-12-31,2H,match,7171.0,7171.0,0.0,S$m,span,DBS_4Q25_performance_summary,Net interest income
DBS,pnl.nii.net,Net interest income,Selected income statement items ($m),FY25,2025-12-31,FY,match,14500.0,14500.0,0.0,S$m,span,DBS_4Q25_performance_summary,Net interest income
DBS,pnl.noninterest.fee_commission,Net fee and commission income,Selected income statement items ($m),1Q23,2023-03-31,1Q,missing,851.0,,,,,,
DBS,pnl.noninterest.fee_commission,Net fee and commission income,Selected income statement items ($m),2Q23,2023-06-30,2Q,missing,823.0,,,,,,
DBS,pnl.noninterest.fee_commission,Net fee and commission income,Selected income statement items ($m),1H23,2023-06-30,1H,missing,1674.0,,,,,,
DBS,pnl.noninterest.fee_commission,Net fee and commission income,Selected income statement items ($m),3Q23,2023-09-30,3Q,missing,843.0,,,,,,
DBS,pnl.noninterest.fee_commission,Net fee and commission income,Selected income statement items ($m),4Q23,2023-12-31,4Q,missing,867.0,,,,,,
DBS,pnl.noninterest.fee_commission,Net fee and commission income,Selected income statement items ($m),2H23,2023-12-31,2H,missing,1710.0,,,,,,
DBS,pnl.noninterest.fee_commission,Net fee and commission income,Selected income statement items ($m),FY23,2023-12-31,FY,missing,3384.0,,,,,,
DBS,pnl.noninterest.fee_commission,Net fee and commission income,Selected income statement items ($m),1Q24,2024-03-31,1Q,missing,1043.0,,,,,,
DBS,pnl.noninterest.fee_commission,Net fee and commission income,Selected income statement items ($m),2Q24,2024-06-30,2Q,missing,1048.0,,,,,,
DBS,pnl.noninterest.fee_commission,Net fee and commission income,Selected income statement items ($m),1H24,2024-06-30,1H,match,2091.0,2091.0,0.0,S$m,span,DBS_2Q25_performance_summary,Net fee and commission income
DBS,pnl.noninterest.fee_commission,Net fee and commission income,Selected income statement items ($m),3Q24,2024-09-30,3Q,match,1109.0,1109.0,0.0,S$m,span,3Q25_trading_update,Net fee and commission income
DBS,pnl.noninterest.fee_commission,Net fee and commission income,Selected income statement items ($m),4Q24,2024-12-31,4Q,missing,968.0,,,,,,
DBS,pnl.noninterest.fee_commission,Net fee and commission income,Selected income statement items ($m),2H24,2024-12-31,2H,match,2077.0,2077.0,0.0,S$m,span,DBS_2Q25_performance_summary,Net fee and commission income
DBS,pnl.noninterest.fee_commission,Net fee and commission income,Selected income statement items ($m),FY24,2024-12-31,FY,match,4168.0,4168.0,0.0,S$m,span,DBS_4Q25_performance_summary,Net fee and commission income
DBS,pnl.noninterest.fee_commission,Net fee and commission income,Selected income statement items ($m),1Q25,2025-03-31,1Q,missing,1275.0,,,,,,
DBS,pnl.noninterest.fee_commission,Net fee and commission income,Selected income statement items ($m),2Q25,2025-06-30,2Q,match,1167.0,1167.0,0.0,S$m,span,3Q25_trading_update,Net fee and commission income
DBS,pnl.noninterest.fee_commission,Net fee and commission income,Selected income statement items ($m),1H25,2025-06-30,1H,match,2442.0,2442.0,0.0,S$m,span,DBS_2Q25_performance_summary,Net fee and commission income
DBS,pnl.noninterest.fee_commission,Net fee and commission income,Selected income statement items ($m),3Q25,2025-09-30,3Q,match,1357.0,1357.0,0.0,S$m,span,3Q25_trading_update,Net fee and commission income
DBS,pnl.noninterest.fee_commission,Net fee and commission income,Selected income statement items ($m),4Q25,2025-12-31,4Q,missing,1099.0,,,,,,
DBS,pnl.noninterest.fee_commission,Net fee and commission income,Selected income statement items ($m),2H25,2025-12-31,2H,match,2456.0,2456.0,0.0,S$m,span,DBS_4Q25_performance_summary,Net fee and commission income
DBS,pnl.noninterest.fee_commission,Net fee and commission income,Selected income statement items ($m),FY25,2025-12-31,FY,match,4898.0,4898.0,0.0,S$m,span,DBS_4Q25_performance_summary,Net fee and commission income
DBS,pnl.noninterest.other,Other non-interest income,Selected income statement items ($m),1Q23,2023-03-31,1Q,missing,814.0,,,,,,
DBS,pnl.noninterest.other,Other non-interest income,Selected income statement items ($m),2Q23,2023-06-30,2Q,missing,789.0,,,,,,
DBS,pnl.noninterest.other,Other non-interest income,Selected income statement items ($m),1H23,2023-06-30,1H,missing,1603.0,,,,,,
DBS,pnl.noninterest.other,Other non-interest income,Selected income statement items ($m),3Q23,2023-09-30,3Q,missing,845.0,,,,,,
DBS,pnl.noninterest.other,Other non-interest income,Selected income statement items ($m),4Q23,2023-12-31,4Q,missing,706.0,,,,,,
DBS,pnl.noninterest.other,Other non-interest income,Selected income statement items ($m),2H23,2023-12-31,2H,missing,1551.0,,,,,,
DBS,pnl.noninterest.other,Other non-interest income,Selected income statement items ($m),FY23,2023-12-31,FY,missing,3154.0,,,,,,
DBS,pnl.noninterest.other,Other non-interest income,Selected income statement items ($m),1Q24,2024-03-31,1Q,missing,1009.0,,,,,,
DBS,pnl.noninterest.other,Other non-interest income,Selected income statement items ($m),2Q24,2024-06-30,2Q,missing,840.0,,,,,,
DBS,pnl.noninterest.other,Other non-interest income,Selected income statement items ($m),1H24,2024-06-30,1H,match,1849.0,1849.0,0.0,S$m,span,derived,pnl.noninterest.total - pnl.noninterest.fee_commission
DBS,pnl.noninterest.other,Other non-interest income,Selected income statement items ($m),4Q24,2024-12-31,4Q,missing,809.0,,,,,,
DBS,pnl.noninterest.other,Other non-interest income,Selected income statement items ($m),2H24,2024-12-31,2H,match,1856.0,1856.0,0.0,S$m,span,derived,pnl.noninterest.total - pnl.noninterest.fee_commission
DBS,pnl.noninterest.other,Other non-interest income,Selected income statement items ($m),FY24,2024-12-31,FY,match,3705.0,3705.0,0.0,S$m,span,derived,pnl.noninterest.total - pnl.noninterest.fee_commission
DBS,pnl.noninterest.other,Other non-interest income,Selected income statement items ($m),1Q25,2025-03-31,1Q,missing,949.0,,,,,,
DBS,pnl.noninterest.other,Other non-interest income,Selected income statement items ($m),1H25,2025-06-30,1H,match,1866.0,1866.0,0.0,S$m,span,derived,pnl.noninterest.total - pnl.noninterest.fee_commission
DBS,pnl.noninterest.other,Other non-interest income,Selected income statement items ($m),4Q25,2025-12-31,4Q,missing,639.0,,,,,,
DBS,pnl.noninterest.other,Other non-interest income,Selected income statement items ($m),2H25,2025-12-31,2H,match,1636.0,1636.0,0.0,S$m,span,derived,pnl.noninterest.total - pnl.noninterest.fee_commission
DBS,pnl.noninterest.other,Other non-interest income,Selected income statement items ($m),FY25,2025-12-31,FY,match,3502.0,3502.0,0.0,S$m,span,derived,pnl.noninterest.total - pnl.noninterest.fee_commission
DBS,pnl.opex.amortisation_intangibles,Amortisation of intangible assets,Selected income statement items ($m),1Q23,2023-03-31,1Q,missing,0.0,,,,,,
DBS,pnl.opex.amortisation_intangibles,Amortisation of intangible assets,Selected income statement items ($m),2Q23,2023-06-30,2Q,missing,0.0,,,,,,
DBS,pnl.opex.amortisation_intangibles,Amortisation of intangible assets,Selected income statement items ($m),1H23,2023-06-30,1H,missing,0.0,,,,,,
DBS,pnl.opex.amortisation_intangibles,Amortisation of intangible assets,Selected income statement items ($m),3Q23,2023-09-30,3Q,missing,0.0,,,,,,
DBS,pnl.opex.amortisation_intangibles,Amortisation of intangible assets,Selected income statement items ($m),4Q23,2023-12-31,4Q,missing,9.0,,,,,,
DBS,pnl.opex.amortisation_intangibles,Amortisation of intangible assets,Selected income statement items ($m),2H23,2023-12-31,2H,missing,9.0,,,,,,
DBS,pnl.opex.amortisation_intangibles,Amortisation of intangible assets,Selected income statement items ($m),FY23,2023-12-31,FY,missing,9.0,,,,,,
DBS,pnl.opex.amortisation_intangibles,Amortisation of intangible assets,Selected income statement items ($m),1Q24,2024-03-31,1Q,match,6.0,6.0,0.0,S$m,span,DBS_1Q25_trading_update,Amortisation of intangible assets
DBS,pnl.opex.amortisation_intangibles,Amortisation of intangible assets,Selected income statement items ($m),2Q24,2024-06-30,2Q,missing,6.0,,,,,,
DBS,pnl.opex.amortisation_intangibles,Amortisation of intangible assets,Selected income statement items ($m),1H24,2024-06-30,1H,match,12.0,12.0,0.0,S$m,span,DBS_2Q25_performance_summary,Amortisation of intangible assets
DBS,pnl.opex.amortisation_intangibles,Amortisation of intangible assets,Selected income statement items ($m),3Q24,2024-09-30,3Q,match,6.0,6.0,0.0,S$m,span,3Q25_trading_update,Amortisation of intangible assets
DBS,pnl.opex.amortisation_intangibles,Amortisation of intangible assets,Selected income statement items ($m),4Q24,2024-12-31,4Q,match,5.0,5.0,0.0,S$m,span,DBS_1Q25_trading_update,Amortisation of intangible assets
DBS,pnl.opex.amortisation_intangibles,Amortisation of intangible assets,Selected income statement items ($m),2H24,2024-12-31,2H,match,11.0,11.0,0.0,S$m,span,DBS_2Q25_performance_summary,Amortisation of intangible assets
DBS,pnl.opex.amortisation_intangibles,Amortisation of intangible assets,Selected income statement items ($m),FY24,2024-12-31,FY,match,23.0,23.0,0.0,S$m,span,DBS_4Q25_performance_summary,Amortisation of intangible assets
DBS,pnl.opex.amortisation_intangibles,Amortisation of intangible assets,Selected income statement items ($m),1Q25,2025-03-31,1Q,match,6.0,6.0,0.0,S$m,span,DBS_1Q26_trading_update,Amortisation of intangible assets
DBS,pnl.opex.amortisation_intangibles,Amortisation of intangible assets,Selected income statement items ($m),2Q25,2025-06-30,2Q,match,6.0,6.0,0.0,S$m,span,3Q25_trading_update,Amortisation of intangible assets
DBS,pnl.opex.amortisation_intangibles,Amortisation of intangible assets,Selected income statement items ($m),1H25,2025-06-30,1H,match,12.0,12.0,0.0,S$m,span,DBS_2Q25_performance_summary,Amortisation of intangible assets
DBS,pnl.opex.amortisation_intangibles,Amortisation of intangible assets,Selected income statement items ($m),3Q25,2025-09-30,3Q,match,6.0,6.0,0.0,S$m,span,3Q25_trading_update,Amortisation of intangible assets
DBS,pnl.opex.amortisation_intangibles,Amortisation of intangible assets,Selected income statement items ($m),4Q25,2025-12-31,4Q,match,5.0,5.0,0.0,S$m,span,DBS_1Q26_trading_update,Amortisation of intangible assets
DBS,pnl.opex.amortisation_intangibles,Amortisation of intangible assets,Selected income statement items ($m),2H25,2025-12-31,2H,match,11.0,11.0,0.0,S$m,span,DBS_4Q25_performance_summary,Amortisation of intangible assets
DBS,pnl.opex.amortisation_intangibles,Amortisation of intangible assets,Selected income statement items ($m),FY25,2025-12-31,FY,match,23.0,23.0,0.0,S$m,span,DBS_4Q25_performance_summary,Amortisation of intangible assets
DBS,pnl.opex.total,Operating expenses,Selected income statement items ($m),1Q23,2023-03-31,1Q,match,1882.0,1882.0,0.0,S$m,span,1Q23_trading_update,Expenses
DBS,pnl.opex.total,Operating expenses,Selected income statement items ($m),2Q23,2023-06-30,2Q,missing,1931.0,,,,,,
DBS,pnl.opex.total,Operating expenses,Selected income statement items ($m),1H23,2023-06-30,1H,missing,3813.0,,,,,,
DBS,pnl.opex.total,Operating expenses,Selected income statement items ($m),3Q23,2023-09-30,3Q,missing,2038.0,,,,,,
DBS,pnl.opex.total,Operating expenses,Selected income statement items ($m),4Q23,2023-12-31,4Q,missing,2205.0,,,,,,
DBS,pnl.opex.total,Operating expenses,Selected income statement items ($m),2H23,2023-12-31,2H,missing,4243.0,,,,,,
DBS,pnl.opex.total,Operating expenses,Selected income statement items ($m),FY23,2023-12-31,FY,missing,8056.0,,,,,,
DBS,pnl.opex.total,Operating expenses,Selected income statement items ($m),1Q24,2024-03-31,1Q,match,2079.0,2079.0,0.0,S$m,span,DBS_1Q25_trading_update,Expenses
DBS,pnl.opex.total,Operating expenses,Selected income statement items ($m),2Q24,2024-06-30,2Q,missing,2172.0,,,,,,
DBS,pnl.opex.total,Operating expenses,Selected income statement items ($m),1H24,2024-06-30,1H,match,4251.0,4251.0,0.0,S$m,span,DBS_2Q25_performance_summary,Expenses
DBS,pnl.opex.total,Operating expenses,Selected income statement items ($m),3Q24,2024-09-30,3Q,match,2249.0,2249.0,0.0,S$m,span,3Q25_trading_update,Expenses
DBS,pnl.opex.total,Operating expenses,Selected income statement items ($m),4Q24,2024-12-31,4Q,match,2395.0,2395.0,0.0,S$m,span,DBS_1Q25_trading_update,Expenses
DBS,pnl.opex.total,Operating expenses,Selected income statement items ($m),2H24,2024-12-31,2H,match,4644.0,4644.0,0.0,S$m,span,DBS_2Q25_performance_summary,Expenses
DBS,pnl.opex.total,Operating expenses,Selected income statement items ($m),FY24,2024-12-31,FY,match,8895.0,8895.0,0.0,S$m,span,DBS_4Q25_performance_summary,Expenses
DBS,pnl.opex.total,Operating expenses,Selected income statement items ($m),1Q25,2025-03-31,1Q,match,2214.0,2214.0,0.0,S$m,span,DBS_1Q26_trading_update,Expenses
DBS,pnl.opex.total,Operating expenses,Selected income statement items ($m),2Q25,2025-06-30,2Q,match,2270.0,2270.0,0.0,S$m,span,3Q25_trading_update,Expenses
DBS,pnl.opex.total,Operating expenses,Selected income statement items ($m),1H25,2025-06-30,1H,match,4484.0,4484.0,0.0,S$m,span,DBS_2Q25_performance_summary,Expenses
DBS,pnl.opex.total,Operating expenses,Selected income statement items ($m),3Q25,2025-09-30,3Q,match,2393.0,2393.0,0.0,S$m,span,3Q25_trading_update,Expenses
DBS,pnl.opex.total,Operating expenses,Selected income statement items ($m),4Q25,2025-12-31,4Q,match,2372.0,2372.0,0.0,S$m,span,DBS_1Q26_trading_update,Expenses
DBS,pnl.opex.total,Operating expenses,Selected income statement items ($m),2H25,2025-12-31,2H,match,4765.0,4765.0,0.0,S$m,span,DBS_4Q25_performance_summary,Expenses
DBS,pnl.opex.total,Operating expenses,Selected income statement items ($m),FY25,2025-12-31,FY,match,9249.0,9249.0,0.0,S$m,span,DBS_4Q25_performance_summary,Expenses
DBS,pnl.profit.net_attributable,Net profit,Selected income statement items ($m),1Q23,2023-03-31,1Q,match,2571.0,2571.0,0.0,S$m,span,1Q23_trading_update,Net profit
DBS,pnl.profit.net_attributable,Net profit,Selected income statement items ($m),2Q23,2023-06-30,2Q,missing,2689.0,,,,,,
DBS,pnl.profit.net_attributable,Net profit,Selected income statement items ($m),1H23,2023-06-30,1H,missing,5260.0,,,,,,
DBS,pnl.profit.net_attributable,Net profit,Selected income statement items ($m),3Q23,2023-09-30,3Q,missing,2633.0,,,,,,
DBS,pnl.profit.net_attributable,Net profit,Selected income statement items ($m),4Q23,2023-12-31,4Q,missing,2393.0,,,,,,
DBS,pnl.profit.net_attributable,Net profit,Selected income statement items ($m),2H23,2023-12-31,2H,missing,5026.0,,,,,,
DBS,pnl.profit.net_attributable,Net profit,Selected income statement items ($m),FY23,2023-12-31,FY,missing,10286.0,,,,,,
DBS,pnl.profit.net_attributable,Net profit,Selected income statement items ($m),2Q24,2024-06-30,2Q,missing,2803.0,,,,,,
DBS,pnl.profit.net_attributable,Net profit,Selected income statement items ($m),3Q24,2024-09-30,3Q,match,3027.0,3027.0,0.0,S$m,span,3Q25_trading_update,Net profit
DBS,pnl.profit.net_attributable,Net profit,Selected income statement items ($m),1Q25,2025-03-31,1Q,match,2897.0,2897.0,0.0,S$m,span,DBS_1Q26_trading_update,Net profit
DBS,pnl.profit.net_attributable,Net profit,Selected income statement items ($m),2Q25,2025-06-30,2Q,match,2824.0,2824.0,0.0,S$m,span,3Q25_trading_update,Net profit
DBS,pnl.profit.net_attributable,Net profit,Selected income statement items ($m),1H25,2025-06-30,1H,match,5721.0,5721.0,0.0,S$m,span,DBS_2Q25_performance_summary,Net profit
DBS,pnl.profit.net_attributable,Net profit,Selected income statement items ($m),3Q25,2025-09-30,3Q,match,2954.0,2954.0,0.0,S$m,span,3Q25_trading_update,Net profit
DBS,pnl.profit.operating,Operating profit,Selected income statement items ($m),1Q23,2023-03-31,1Q,missing,3054.0,,,,,,
DBS,pnl.profit.operating,Operating profit,Selected income statement items ($m),2Q23,2023-06-30,2Q,missing,3114.0,,,,,,
DBS,pnl.profit.operating,Operating profit,Selected income statement items ($m),1H23,2023-06-30,1H,missing,6168.0,,,,,,
DBS,pnl.profit.operating,Operating profit,Selected income statement items ($m),3Q23,2023-09-30,3Q,missing,3154.0,,,,,,
DBS,pnl.profit.operating,Operating profit,Selected income statement items ($m),4Q23,2023-12-31,4Q,missing,2802.0,,,,,,
DBS,pnl.profit.operating,Operating profit,Selected income statement items ($m),2H23,2023-12-31,2H,missing,5956.0,,,,,,
DBS,pnl.profit.operating,Operating profit,Selected income statement items ($m),FY23,2023-12-31,FY,missing,12124.0,,,,,,
DBS,pnl.profit.operating,Operating profit,Selected income statement items ($m),1Q24,2024-03-31,1Q,match,3478.0,3478.0,0.0,S$m,span,DBS_1Q25_trading_update,Profit before allowances and amortisation
DBS,pnl.profit.operating,Operating profit,Selected income statement items ($m),2Q24,2024-06-30,2Q,missing,3310.0,,,,,,
DBS,pnl.profit.operating,Operating profit,Selected income statement items ($m),1H24,2024-06-30,1H,match,6788.0,6788.0,0.0,S$m,span,DBS_2Q25_performance_summary,Profit before allowances and amortisation
DBS,pnl.profit.operating,Operating profit,Selected income statement items ($m),3Q24,2024-09-30,3Q,match,3504.0,3504.0,0.0,S$m,span,3Q25_trading_update,Profit before allowances and amortisation
DBS,pnl.profit.operating,Operating profit,Selected income statement items ($m),4Q24,2024-12-31,4Q,match,3110.0,3110.0,0.0,S$m,span,DBS_1Q25_trading_update,Profit before allowances and amortisation
DBS,pnl.profit.operating,Operating profit,Selected income statement items ($m),2H24,2024-12-31,2H,match,6614.0,6614.0,0.0,S$m,span,DBS_2Q25_performance_summary,Profit before allowances and amortisation
DBS,pnl.profit.operating,Operating profit,Selected income statement items ($m),FY24,2024-12-31,FY,match,13402.0,13402.0,0.0,S$m,span,DBS_4Q25_performance_summary,Profit before allowances and amortisation
DBS,pnl.profit.operating,Operating profit,Selected income statement items ($m),1Q25,2025-03-31,1Q,match,3691.0,3691.0,0.0,S$m,span,DBS_1Q26_trading_update,Profit before allowances and amortisation
DBS,pnl.profit.operating,Operating profit,Selected income statement items ($m),2Q25,2025-06-30,2Q,match,3462.0,3462.0,0.0,S$m,span,3Q25_trading_update,Profit before allowances and amortisation
DBS,pnl.profit.operating,Operating profit,Selected income statement items ($m),1H25,2025-06-30,1H,match,7153.0,7153.0,0.0,S$m,span,DBS_2Q25_performance_summary,Profit before allowances and amortisation
DBS,pnl.profit.operating,Operating profit,Selected income statement items ($m),3Q25,2025-09-30,3Q,match,3539.0,3539.0,0.0,S$m,span,3Q25_trading_update,Profit before allowances and amortisation
DBS,pnl.profit.operating,Operating profit,Selected income statement items ($m),4Q25,2025-12-31,4Q,match,2959.0,2959.0,0.0,S$m,span,DBS_1Q26_trading_update,Profit before allowances and amortisation
DBS,pnl.profit.operating,Operating profit,Selected income statement items ($m),2H25,2025-12-31,2H,match,6498.0,6498.0,0.0,S$m,span,DBS_4Q25_performance_summary,Profit before allowances and amortisation
DBS,pnl.profit.operating,Operating profit,Selected income statement items ($m),FY25,2025-12-31,FY,match,13651.0,13651.0,0.0,S$m,span,DBS_4Q25_performance_summary,Profit before allowances and amortisation
DBS,pnl.profit.pretax,Profit before tax,Selected income statement items ($m),1Q23,2023-03-31,1Q,match,2956.0,2956.0,0.0,S$m,span,1Q23_trading_update,Profit before tax
DBS,pnl.profit.pretax,Profit before tax,Selected income statement items ($m),2Q23,2023-06-30,2Q,missing,3084.0,,,,,,
DBS,pnl.profit.pretax,Profit before tax,Selected income statement items ($m),1H23,2023-06-30,1H,missing,6040.0,,,,,,
DBS,pnl.profit.pretax,Profit before tax,Selected income statement items ($m),3Q23,2023-09-30,3Q,missing,3001.0,,,,,,
DBS,pnl.profit.pretax,Profit before tax,Selected income statement items ($m),4Q23,2023-12-31,4Q,missing,2698.0,,,,,,
DBS,pnl.profit.pretax,Profit before tax,Selected income statement items ($m),2H23,2023-12-31,2H,missing,5699.0,,,,,,
DBS,pnl.profit.pretax,Profit before tax,Selected income statement items ($m),FY23,2023-12-31,FY,missing,11739.0,,,,,,
DBS,pnl.profit.pretax,Profit before tax,Selected income statement items ($m),1Q24,2024-03-31,1Q,match,3388.0,3388.0,0.0,S$m,span,DBS_1Q25_trading_update,Profit before tax
DBS,pnl.profit.pretax,Profit before tax,Selected income statement items ($m),2Q24,2024-06-30,2Q,missing,3219.0,,,,,,
DBS,pnl.profit.pretax,Profit before tax,Selected income statement items ($m),1H24,2024-06-30,1H,match,6607.0,6607.0,0.0,S$m,span,DBS_2Q25_performance_summary,Profit before tax
DBS,pnl.profit.pretax,Profit before tax,Selected income statement items ($m),3Q24,2024-09-30,3Q,match,3434.0,3434.0,0.0,S$m,span,3Q25_trading_update,Profit before tax
DBS,pnl.profit.pretax,Profit before tax,Selected income statement items ($m),4Q24,2024-12-31,4Q,match,2966.0,2966.0,0.0,S$m,span,DBS_1Q25_trading_update,Profit before tax
DBS,pnl.profit.pretax,Profit before tax,Selected income statement items ($m),2H24,2024-12-31,2H,match,6400.0,6400.0,0.0,S$m,span,DBS_2Q25_performance_summary,Profit before tax
DBS,pnl.profit.pretax,Profit before tax,Selected income statement items ($m),FY24,2024-12-31,FY,match,13007.0,13007.0,0.0,S$m,span,DBS_4Q25_performance_summary,Profit before tax
DBS,pnl.profit.pretax,Profit before tax,Selected income statement items ($m),1Q25,2025-03-31,1Q,match,3437.0,3437.0,0.0,S$m,span,DBS_1Q26_trading_update,Profit before tax
DBS,pnl.profit.pretax,Profit before tax,Selected income statement items ($m),2Q25,2025-06-30,2Q,match,3388.0,3388.0,0.0,S$m,span,3Q25_trading_update,Profit before tax
DBS,pnl.profit.pretax,Profit before tax,Selected income statement items ($m),1H25,2025-06-30,1H,match,6825.0,6825.0,0.0,S$m,span,DBS_2Q25_performance_summary,Profit before tax
DBS,pnl.profit.pretax,Profit before tax,Selected income statement items ($m),3Q25,2025-09-30,3Q,match,3476.0,3476.0,0.0,S$m,span,3Q25_trading_update,Profit before tax
DBS,pnl.profit.pretax,Profit before tax,Selected income statement items ($m),4Q25,2025-12-31,4Q,match,2798.0,2798.0,0.0,S$m,span,DBS_1Q26_trading_update,Profit before tax
DBS,pnl.profit.pretax,Profit before tax,Selected income statement items ($m),2H25,2025-12-31,2H,match,6274.0,6274.0,0.0,S$m,span,DBS_4Q25_performance_summary,Profit before tax
DBS,pnl.profit.pretax,Profit before tax,Selected income statement items ($m),FY25,2025-12-31,FY,match,13099.0,13099.0,0.0,S$m,span,DBS_4Q25_performance_summary,Profit before tax
DBS,pnl.provisions.total,Allowances for credit and other losses,Selected income statement items ($m),1Q23,2023-03-31,1Q,match,161.0,161.0,0.0,S$m,span,1Q23_trading_update,Allowances for credit and other losses
DBS,pnl.provisions.total,Allowances for credit and other losses,Selected income statement items ($m),2Q23,2023-06-30,2Q,missing,72.0,,,,,,
DBS,pnl.provisions.total,Allowances for credit and other losses,Selected income statement items ($m),1H23,2023-06-30,1H,missing,233.0,,,,,,
DBS,pnl.provisions.total,Allowances for credit and other losses,Selected income statement items ($m),3Q23,2023-09-30,3Q,missing,215.0,,,,,,
DBS,pnl.provisions.total,Allowances for credit and other losses,Selected income statement items ($m),4Q23,2023-12-31,4Q,missing,142.0,,,,,,
DBS,pnl.provisions.total,Allowances for credit and other losses,Selected income statement items ($m),2H23,2023-12-31,2H,missing,357.0,,,,,,
DBS,pnl.provisions.total,Allowances for credit and other losses,Selected income statement items ($m),FY23,2023-12-31,FY,missing,590.0,,,,,,
DBS,pnl.provisions.total,Allowances for credit and other losses,Selected income statement items ($m),1Q24,2024-03-31,1Q,match,135.0,135.0,0.0,S$m,span,DBS_1Q25_trading_update,Allowances for credit and other losses
DBS,pnl.provisions.total,Allowances for credit and other losses,Selected income statement items ($m),1H24,2024-06-30,1H,match,283.0,283.0,0.0,S$m,span,DBS_2Q25_performance_summary,Allowances for credit and other losses
DBS,pnl.provisions.total,Allowances for credit and other losses,Selected income statement items ($m),3Q24,2024-09-30,3Q,match,130.0,130.0,0.0,S$m,span,3Q25_trading_update,Allowances for credit and other losses
DBS,pnl.provisions.total,Allowances for credit and other losses,Selected income statement items ($m),4Q24,2024-12-31,4Q,match,209.0,209.0,0.0,S$m,span,DBS_1Q25_trading_update,Allowances for credit and other losses
DBS,pnl.provisions.total,Allowances for credit and other losses,Selected income statement items ($m),2H24,2024-12-31,2H,match,339.0,339.0,0.0,S$m,span,DBS_2Q25_performance_summary,Allowances for credit and other losses
DBS,pnl.provisions.total,Allowances for credit and other losses,Selected income statement items ($m),FY24,2024-12-31,FY,match,622.0,622.0,0.0,S$m,span,DBS_4Q25_performance_summary,Allowances for credit and other losses
DBS,pnl.provisions.total,Allowances for credit and other losses,Selected income statement items ($m),1Q25,2025-03-31,1Q,match,325.0,325.0,0.0,S$m,span,DBS_1Q26_trading_update,Allowances for credit and other losses
DBS,pnl.provisions.total,Allowances for credit and other losses,Selected income statement items ($m),2Q25,2025-06-30,2Q,match,133.0,133.0,0.0,S$m,span,3Q25_trading_update,Allowances for credit and other losses
DBS,pnl.provisions.total,Allowances for credit and other losses,Selected income statement items ($m),1H25,2025-06-30,1H,match,458.0,458.0,0.0,S$m,span,DBS_2Q25_performance_summary,Allowances for credit and other losses
DBS,pnl.provisions.total,Allowances for credit and other losses,Selected income statement items ($m),3Q25,2025-09-30,3Q,match,124.0,124.0,0.0,S$m,span,3Q25_trading_update,Allowances for credit and other losses
DBS,pnl.provisions.total,Allowances for credit and other losses,Selected income statement items ($m),4Q25,2025-12-31,4Q,match,209.0,209.0,0.0,S$m,span,DBS_1Q26_trading_update,Allowances for credit and other losses
DBS,pnl.provisions.total,Allowances for credit and other losses,Selected income statement items ($m),2H25,2025-12-31,2H,match,333.0,333.0,0.0,S$m,span,DBS_4Q25_performance_summary,Allowances for credit and other losses
DBS,pnl.provisions.total,Allowances for credit and other losses,Selected income statement items ($m),FY25,2025-12-31,FY,match,791.0,791.0,0.0,S$m,span,DBS_4Q25_performance_summary,Allowances for credit and other losses
DBS,ratio.cir,Cost/income ratio,Key financial ratios (%),1Q23,2023-03-31,1Q,match,38.1,38.1,0.0,%,span,1Q23_trading_update,Cost/income ratio
DBS,ratio.cir,Cost/income ratio,Key financial ratios (%),2Q23,2023-06-30,2Q,missing,38.3,,,,,,
DBS,ratio.cir,Cost/income ratio,Key financial ratios (%),1H23,2023-06-30,1H,missing,38.2,,,,,,
DBS,ratio.cir,Cost/income ratio,Key financial ratios (%),3Q23,2023-09-30,3Q,missing,39.3,,,,,,
DBS,ratio.cir,Cost/income ratio,Key financial ratios (%),4Q23,2023-12-31,4Q,missing,44.0,,,,,,
DBS,ratio.cir,Cost/income ratio,Key financial ratios (%),2H23,2023-12-31,2H,missing,41.6,,,,,,
DBS,ratio.cir,Cost/income ratio,Key financial ratios (%),FY23,2023-12-31,FY,missing,39.9,,,,,,
DBS,ratio.cir,Cost/income ratio,Key financial ratios (%),1Q24,2024-03-31,1Q,match,37.4,37.4,0.0,%,span,DBS_1Q25_trading_update,Cost/income ratio
DBS,ratio.cir,Cost/income ratio,Key financial ratios (%),2Q24,2024-06-30,2Q,missing,39.6,,,,,,
DBS,ratio.cir,Cost/income ratio,Key financial ratios (%),1H24,2024-06-30,1H,match,38.5,38.5,0.0,%,span,DBS_2Q25_performance_summary,Cost/ income ratio
DBS,ratio.cir,Cost/income ratio,Key financial ratios (%),3Q24,2024-09-30,3Q,match,39.1,39.1,0.0,%,span,3Q25_trading_update,Cost/ income ratio
DBS,ratio.cir,Cost/income ratio,Key financial ratios (%),4Q24,2024-12-31,4Q,match,43.5,43.5,0.0,%,span,DBS_1Q25_trading_update,Cost/income ratio
DBS,ratio.cir,Cost/income ratio,Key financial ratios (%),2H24,2024-12-31,2H,match,41.3,41.3,0.0,%,span,DBS_2Q25_performance_summary,Cost/ income ratio
DBS,ratio.cir,Cost/income ratio,Key financial ratios (%),FY24,2024-12-31,FY,match,39.9,39.9,0.0,%,span,DBS_4Q25_performance_summary,Cost/ income ratio
DBS,ratio.cir,Cost/income ratio,Key financial ratios (%),1Q25,2025-03-31,1Q,match,37.5,37.5,0.0,%,span,DBS_1Q25_trading_update,Cost/income ratio
DBS,ratio.cir,Cost/income ratio,Key financial ratios (%),2Q25,2025-06-30,2Q,match,39.6,39.6,0.0,%,span,3Q25_trading_update,Cost/ income ratio
DBS,ratio.cir,Cost/income ratio,Key financial ratios (%),1H25,2025-06-30,1H,match,38.5,38.5,0.0,%,span,DBS_2Q25_performance_summary,Cost/ income ratio
DBS,ratio.cir,Cost/income ratio,Key financial ratios (%),3Q25,2025-09-30,3Q,match,40.3,40.3,0.0,%,span,3Q25_trading_update,Cost/ income ratio
DBS,ratio.cir,Cost/income ratio,Key financial ratios (%),4Q25,2025-12-31,4Q,match,44.5,44.5,0.0,%,span,DBS_1Q26_trading_update,Cost/income ratio
DBS,ratio.cir,Cost/income ratio,Key financial ratios (%),2H25,2025-12-31,2H,match,42.3,42.3,0.0,%,span,DBS_4Q25_performance_summary,Cost/ income ratio
DBS,ratio.cir,Cost/income ratio,Key financial ratios (%),FY25,2025-12-31,FY,match,40.4,40.4,0.0,%,span,DBS_4Q25_performance_summary,Cost/ income ratio
DBS,ratio.nim,Net interest margin,Key financial ratios (%),1Q23,2023-03-31,1Q,match,2.12,2.12,0.0,%,span,1Q23_trading_update,Net interest margin – Group
DBS,ratio.nim,Net interest margin,Key financial ratios (%),2Q23,2023-06-30,2Q,missing,2.16,,,,,,
DBS,ratio.nim,Net interest margin,Key financial ratios (%),1H23,2023-06-30,1H,missing,2.14,,,,,,
DBS,ratio.nim,Net interest margin,Key financial ratios (%),3Q23,2023-09-30,3Q,missing,2.19,,,,,,
DBS,ratio.nim,Net interest margin,Key financial ratios (%),4Q23,2023-12-31,4Q,missing,2.13,,,,,,
DBS,ratio.nim,Net interest margin,Key financial ratios (%),2H23,2023-12-31,2H,missing,2.16,,,,,,
DBS,ratio.nim,Net interest margin,Key financial ratios (%),FY23,2023-12-31,FY,missing,2.15,,,,,,
DBS,ratio.nim,Net interest margin,Key financial ratios (%),1Q24,2024-03-31,1Q,match,2.14,2.14,0.0,%,span,DBS_1Q25_trading_update,Net interest margin – Group
DBS,ratio.nim,Net interest margin,Key financial ratios (%),2Q24,2024-06-30,2Q,missing,2.14,,,,,,
DBS,ratio.nim,Net interest margin,Key financial ratios (%),1H24,2024-06-30,1H,match,2.14,2.14,0.0,%,span,DBS_2Q25_performance_summary,Net interest margin – Group
DBS,ratio.nim,Net interest margin,Key financial ratios (%),3Q24,2024-09-30,3Q,match,2.11,2.11,0.0,%,span,3Q25_trading_update,Net interest margin – Group
DBS,ratio.nim,Net interest margin,Key financial ratios (%),4Q24,2024-12-31,4Q,match,2.15,2.15,0.0,%,span,DBS_1Q25_trading_update,Net interest margin – Group
DBS,ratio.nim,Net interest margin,Key financial ratios (%),2H24,2024-12-31,2H,match,2.13,2.13,0.0,%,span,DBS_2Q25_performance_summary,Net interest margin – Group
DBS,ratio.nim,Net interest margin,Key financial ratios (%),FY24,2024-12-31,FY,match,2.13,2.13,0.0,%,span,DBS_4Q25_performance_summary,Net interest margin – Group
DBS,ratio.nim,Net interest margin,Key financial ratios (%),1Q25,2025-03-31,1Q,match,2.12,2.12,0.0,%,span,DBS_1Q25_trading_update,Net interest margin – Group
DBS,ratio.nim,Net interest margin,Key financial ratios (%),2Q25,2025-06-30,2Q,match,2.05,2.05,0.0,%,span,3Q25_trading_update,Net interest margin – Group
DBS,ratio.nim,Net interest margin,Key financial ratios (%),1H25,2025-06-30,1H,match,2.08,2.08,0.0,%,span,DBS_2Q25_performance_summary,Net interest margin – Group
DBS,ratio.nim,Net interest margin,Key financial ratios (%),3Q25,2025-09-30,3Q,match,1.96,1.96,0.0,%,span,3Q25_trading_update,Net interest margin – Group
DBS,ratio.nim,Net interest margin,Key financial ratios (%),4Q25,2025-12-31,4Q,match,1.93,1.93,0.0,%,span,DBS_1Q26_trading_update,Net interest margin – Group
DBS,ratio.nim,Net interest margin,Key financial ratios (%),2H25,2025-12-31,2H,match,1.94,1.94,0.0,%,span,DBS_4Q25_performance_summary,Net interest margin – Group
DBS,ratio.nim,Net interest margin,Key financial ratios (%),FY25,2025-12-31,FY,match,2.01,2.01,0.0,%,span,DBS_4Q25_performance_summary,Net interest margin – Group
DBS,ratio.npl,NPL ratio,Key financial ratios (%),1Q23,2023-03-31,1Q,match,1.1,1.1,0.0,%,span,1Q23_trading_update,NPL ratio
DBS,ratio.npl,NPL ratio,Key financial ratios (%),2Q23,2023-06-30,2Q,missing,1.1,,,,,,
DBS,ratio.npl,NPL ratio,Key financial ratios (%),1H23,2023-06-30,1H,missing,1.1,,,,,,
DBS,ratio.npl,NPL ratio,Key financial ratios (%),3Q23,2023-09-30,3Q,missing,1.2,,,,,,
DBS,ratio.npl,NPL ratio,Key financial ratios (%),4Q23,2023-12-31,4Q,missing,1.1,,,,,,
DBS,ratio.npl,NPL ratio,Key financial ratios (%),2H23,2023-12-31,2H,missing,1.1,,,,,,
DBS,ratio.npl,NPL ratio,Key financial ratios (%),FY23,2023-12-31,FY,missing,1.1,,,,,,
DBS,ratio.npl,NPL ratio,Key financial ratios (%),1Q24,2024-03-31,1Q,match,1.1,1.1,0.0,%,span,DBS_1Q25_trading_update,NPL ratio
DBS,ratio.npl,NPL ratio,Key financial ratios (%),1H24,2024-06-30,1H,match,1.1,1.1,0.0,%,span,DBS_2Q25_performance_summary,NPL ratio
DBS,ratio.npl,NPL ratio,Key financial ratios (%),3Q24,2024-09-30,3Q,match,1.0,1.0,0.0,%,span,3Q25_trading_update,NPL ratio
DBS,ratio.npl,NPL ratio,Key financial ratios (%),4Q24,2024-12-31,4Q,match,1.1,1.1,0.0,%,span,DBS_1Q25_trading_update,NPL ratio
DBS,ratio.npl,NPL ratio,Key financial ratios (%),2H24,2024-12-31,2H,match,1.1,1.1,0.0,%,span,DBS_2Q25_performance_summary,NPL ratio
DBS,ratio.npl,NPL ratio,Key financial ratios (%),FY24,2024-12-31,FY,match,1.1,1.1,0.0,%,span,DBS_4Q25_performance_summary,NPL ratio
DBS,ratio.npl,NPL ratio,Key financial ratios (%),1Q25,2025-03-31,1Q,match,1.1,1.1,0.0,%,span,DBS_1Q25_trading_update,NPL ratio
DBS,ratio.npl,NPL ratio,Key financial ratios (%),2Q25,2025-06-30,2Q,match,1.0,1.0,0.0,%,span,3Q25_trading_update,NPL ratio
DBS,ratio.npl,NPL ratio,Key financial ratios (%),1H25,2025-06-30,1H,match,1.0,1.0,0.0,%,span,DBS_2Q25_performance_summary,NPL ratio
DBS,ratio.npl,NPL ratio,Key financial ratios (%),3Q25,2025-09-30,3Q,match,1.0,1.0,0.0,%,span,3Q25_trading_update,NPL ratio
DBS,ratio.npl,NPL ratio,Key financial ratios (%),4Q25,2025-12-31,4Q,match,1.0,1.0,0.0,%,span,DBS_1Q26_trading_update,NPL ratio
DBS,ratio.npl,NPL ratio,Key financial ratios (%),2H25,2025-12-31,2H,match,1.0,1.0,0.0,%,span,DBS_4Q25_performance_summary,NPL ratio
DBS,ratio.npl,NPL ratio,Key financial ratios (%),FY25,2025-12-31,FY,match,1.0,1.0,0.0,%,span,DBS_4Q25_performance_summary,NPL ratio
DBS,ratio.roa,Return on assets,Key financial ratios (%),1Q23,2023-03-31,1Q,match,1.41,1.41,0.0,%,span,1Q23_trading_update,Return on assets
DBS,ratio.roa,Return on assets,Key financial ratios (%),2Q23,2023-06-30,2Q,missing,1.44,,,,,,
DBS,ratio.roa,Return on assets,Key financial ratios (%),1H23,2023-06-30,1H,missing,1.42,,,,,,
DBS,ratio.roa,Return on assets,Key financial ratios (%),3Q23,2023-09-30,3Q,missing,1.39,,,,,,
DBS,ratio.roa,Return on assets,Key financial ratios (%),4Q23,2023-12-31,4Q,missing,1.28,,,,,,
DBS,ratio.roa,Return on assets,Key financial ratios (%),2H23,2023-12-31,2H,missing,1.33,,,,,,
DBS,ratio.roa,Return on assets,Key financial ratios (%),FY23,2023-12-31,FY,missing,1.38,,,,,,
DBS,ratio.roa,Return on assets,Key financial ratios (%),1Q24,2024-03-31,1Q,match,1.56,1.56,0.0,%,span,DBS_1Q25_trading_update,Return on assets
DBS,ratio.roa,Return on assets,Key financial ratios (%),2Q24,2024-06-30,2Q,missing,1.44,,,,,,
DBS,ratio.roa,Return on assets,Key financial ratios (%),1H24,2024-06-30,1H,match,1.5,1.5,0.0,%,span,DBS_2Q25_performance_summary,Return on assets
DBS,ratio.roa,Return on assets,Key financial ratios (%),3Q24,2024-09-30,3Q,match,1.52,1.52,0.0,%,span,3Q25_trading_update,Return on assets
DBS,ratio.roa,Return on assets,Key financial ratios (%),4Q24,2024-12-31,4Q,match,1.3,1.3,0.0,%,span,DBS_1Q25_trading_update,Return on assets
DBS,ratio.roa,Return on assets,Key financial ratios (%),2H24,2024-12-31,2H,match,1.41,1.41,0.0,%,span,DBS_2Q25_performance_summary,Return on assets
DBS,ratio.roa,Return on assets,Key financial ratios (%),FY24,2024-12-31,FY,match,1.45,1.45,0.0,%,span,DBS_4Q25_performance_summary,Return on assets
DBS,ratio.roa,Return on assets,Key financial ratios (%),1Q25,2025-03-31,1Q,match,1.42,1.42,0.0,%,span,DBS_1Q25_trading_update,Return on assets
DBS,ratio.roa,Return on assets,Key financial ratios (%),2Q25,2025-06-30,2Q,match,1.35,1.35,0.0,%,span,3Q25_trading_update,Return on assets
DBS,ratio.roa,Return on assets,Key financial ratios (%),1H25,2025-06-30,1H,match,1.38,1.38,0.0,%,span,DBS_2Q25_performance_summary,Return on assets
DBS,ratio.roa,Return on assets,Key financial ratios (%),3Q25,2025-09-30,3Q,match,1.36,1.36,0.0,%,span,3Q25_trading_update,Return on assets
DBS,ratio.roa,Return on assets,Key financial ratios (%),4Q25,2025-12-31,4Q,match,1.06,1.06,0.0,%,span,DBS_1Q26_trading_update,Return on assets
DBS,ratio.roa,Return on assets,Key financial ratios (%),2H25,2025-12-31,2H,match,1.21,1.21,0.0,%,span,DBS_4Q25_performance_summary,Return on assets
DBS,ratio.roa,Return on assets,Key financial ratios (%),FY25,2025-12-31,FY,match,1.29,1.29,0.0,%,span,DBS_4Q25_performance_summary,Return on assets
DBS,ratio.roe,Return on equity,Key financial ratios (%),1Q23,2023-03-31,1Q,match,18.6,18.6,0.0,%,span,1Q23_trading_update,Return on equity5
DBS,ratio.roe,Return on equity,Key financial ratios (%),2Q23,2023-06-30,2Q,missing,19.2,,,,,,
DBS,ratio.roe,Return on equity,Key financial ratios (%),1H23,2023-06-30,1H,missing,18.9,,,,,,
DBS,ratio.roe,Return on equity,Key financial ratios (%),3Q23,2023-09-30,3Q,missing,18.2,,,,,,
DBS,ratio.roe,Return on equity,Key financial ratios (%),4Q23,2023-12-31,4Q,missing,16.1,,,,,,
DBS,ratio.roe,Return on equity,Key financial ratios (%),2H23,2023-12-31,2H,missing,17.1,,,,,,
DBS,ratio.roe,Return on equity,Key financial ratios (%),FY23,2023-12-31,FY,missing,18.0,,,,,,
DBS,ratio.roe,Return on equity,Key financial ratios (%),1Q24,2024-03-31,1Q,match,19.4,19.4,0.0,%,span,DBS_1Q25_trading_update,"Return on equity4, 5"
DBS,ratio.roe,Return on equity,Key financial ratios (%),2Q24,2024-06-30,2Q,missing,18.2,,,,,,
DBS,ratio.roe,Return on equity,Key financial ratios (%),1H24,2024-06-30,1H,match,18.8,18.8,0.0,%,span,DBS_2Q25_performance_summary,"Return on equity4,5"
DBS,ratio.roe,Return on equity,Key financial ratios (%),3Q24,2024-09-30,3Q,match,18.7,18.7,0.0,%,span,3Q25_trading_update,"Return on equity3,4"
DBS,ratio.roe,Return on equity,Key financial ratios (%),4Q24,2024-12-31,4Q,match,15.8,15.8,0.0,%,span,DBS_1Q25_trading_update,"Return on equity4, 5"
DBS,ratio.roe,Return on equity,Key financial ratios (%),2H24,2024-12-31,2H,match,17.2,17.2,0.0,%,span,DBS_2Q25_performance_summary,"Return on equity4,5"
DBS,ratio.roe,Return on equity,Key financial ratios (%),FY24,2024-12-31,FY,match,18.0,18.0,0.0,%,span,DBS_4Q25_performance_summary,"Return on equity4,5"
DBS,ratio.roe,Return on equity,Key financial ratios (%),1Q25,2025-03-31,1Q,match,17.3,17.3,0.0,%,span,DBS_1Q25_trading_update,"Return on equity4, 5"
DBS,ratio.roe,Return on equity,Key financial ratios (%),2Q25,2025-06-30,2Q,match,16.7,16.7,0.0,%,span,3Q25_trading_update,"Return on equity3,4"
DBS,ratio.roe,Return on equity,Key financial ratios (%),1H25,2025-06-30,1H,match,17.0,17.0,0.0,%,span,DBS_2Q25_performance_summary,"Return on equity4,5"
DBS,ratio.roe,Return on equity,Key financial ratios (%),3Q25,2025-09-30,3Q,match,17.1,17.1,0.0,%,span,3Q25_trading_update,"Return on equity3,4"
DBS,ratio.roe,Return on equity,Key financial ratios (%),4Q25,2025-12-31,4Q,match,13.5,13.5,0.0,%,span,DBS_1Q26_trading_update,"Return on equity4, 5"
DBS,ratio.roe,Return on equity,Key financial ratios (%),2H25,2025-12-31,2H,match,15.3,15.3,0.0,%,span,DBS_4Q25_performance_summary,"Return on equity4,5"
DBS,ratio.roe,Return on equity,Key financial ratios (%),FY25,2025-12-31,FY,match,16.2,16.2,0.0,%,span,DBS_4Q25_performance_summary,"Return on equity4,5"
DBS,reg.capital.cet1_ratio,Common Equity Tier 1 (CET-1),Key financial ratios (%),1Q23,2023-03-31,1Q,match,14.4,14.4,0.0,%,span,1Q23_trading_update,Common Equity Tier 1 capital adequacy ratio
DBS,reg.capital.cet1_ratio,Common Equity Tier 1 (CET-1),Key financial ratios (%),2Q23,2023-06-30,2Q,missing,14.1,,,,,,
DBS,reg.capital.cet1_ratio,Common Equity Tier 1 (CET-1),Key financial ratios (%),1H23,2023-06-30,1H,missing,14.1,,,,,,
DBS,reg.capital.cet1_ratio,Common Equity Tier 1 (CET-1),Key financial ratios (%),3Q23,2023-09-30,3Q,missing,14.1,,,,,,
DBS,reg.capital.cet1_ratio,Common Equity Tier 1 (CET-1),Key financial ratios (%),4Q23,2023-12-31,4Q,missing,14.6,,,,,,
DBS,reg.capital.cet1_ratio,Common Equity Tier 1 (CET-1),Key financial ratios (%),2H23,2023-12-31,2H,missing,14.6,,,,,,
DBS,reg.capital.cet1_ratio,Common Equity Tier 1 (CET-1),Key financial ratios (%),FY23,2023-12-31,FY,missing,14.6,,,,,,
DBS,reg.capital.cet1_ratio,Common Equity Tier 1 (CET-1),Key financial ratios (%),1Q24,2024-03-31,1Q,match,14.7,14.7,0.0,%,span,DBS_1Q25_trading_update,Common Equity Tier 1 (CET-1) ratio6
DBS,reg.capital.cet1_ratio,Common Equity Tier 1 (CET-1),Key financial ratios (%),1H24,2024-06-30,1H,match,14.8,14.8,0.0,%,span,DBS_2Q25_performance_summary,Common Equity Tier 1 (CET-1) ratio7
DBS,reg.capital.cet1_ratio,Common Equity Tier 1 (CET-1),Key financial ratios (%),3Q24,2024-09-30,3Q,match,17.2,17.2,0.0,%,span,3Q25_trading_update,Common Equity Tier-1 (CET-1) ratio
DBS,reg.capital.cet1_ratio,Common Equity Tier 1 (CET-1),Key financial ratios (%),4Q24,2024-12-31,4Q,match,17.0,17.0,0.0,%,span,DBS_1Q25_trading_update,Common Equity Tier 1 (CET-1) ratio6
DBS,reg.capital.cet1_ratio,Common Equity Tier 1 (CET-1),Key financial ratios (%),2H24,2024-12-31,2H,match,17.0,17.0,0.0,%,span,DBS_2Q25_performance_summary,Common Equity Tier 1 (CET-1) ratio7
DBS,reg.capital.cet1_ratio,Common Equity Tier 1 (CET-1),Key financial ratios (%),FY24,2024-12-31,FY,match,17.0,17.0,0.0,%,span,DBS_4Q25_performance_summary,Common Equity Tier 1 (CET-1) ratio
DBS,reg.capital.cet1_ratio,Common Equity Tier 1 (CET-1),Key financial ratios (%),1Q25,2025-03-31,1Q,match,17.4,17.4,0.0,%,span,DBS_1Q25_trading_update,Common Equity Tier 1 (CET-1) ratio6
DBS,reg.capital.cet1_ratio,Common Equity Tier 1 (CET-1),Key financial ratios (%),2Q25,2025-06-30,2Q,match,17.0,17.0,0.0,%,span,3Q25_trading_update,Common Equity Tier-1 (CET-1) ratio
DBS,reg.capital.cet1_ratio,Common Equity Tier 1 (CET-1),Key financial ratios (%),1H25,2025-06-30,1H,match,17.0,17.0,0.0,%,span,DBS_2Q25_performance_summary,Common Equity Tier 1 (CET-1) ratio7
DBS,reg.capital.cet1_ratio,Common Equity Tier 1 (CET-1),Key financial ratios (%),3Q25,2025-09-30,3Q,match,16.9,16.9,0.0,%,span,3Q25_trading_update,Common Equity Tier-1 (CET-1) ratio
DBS,reg.capital.cet1_ratio,Common Equity Tier 1 (CET-1),Key financial ratios (%),4Q25,2025-12-31,4Q,match,17.0,17.0,0.0,%,span,DBS_1Q26_trading_update,Common Equity Tier 1 (CET-1) ratio
DBS,reg.capital.cet1_ratio,Common Equity Tier 1 (CET-1),Key financial ratios (%),2H25,2025-12-31,2H,match,17.0,17.0,0.0,%,span,DBS_4Q25_performance_summary,Common Equity Tier 1 (CET-1) ratio
DBS,reg.capital.cet1_ratio,Common Equity Tier 1 (CET-1),Key financial ratios (%),FY25,2025-12-31,FY,match,17.0,17.0,0.0,%,span,DBS_4Q25_performance_summary,Common Equity Tier 1 (CET-1) ratio
OCBC,bs.assets.customer_loans_gross,Customer loans (net for DBS per policy; gross for UOB/OCBC),Selected balance sheet items ($m),1Q23,2023-03-31,1Q,missing,290471.0,,,,,,
OCBC,bs.assets.customer_loans_gross,Customer loans (net for DBS per policy; gross for UOB/OCBC),Selected balance sheet items ($m),2Q23,2023-06-30,2Q,missing,293532.0,,,,,,
OCBC,bs.assets.customer_loans_gross,Customer loans (net for DBS per policy; gross for UOB/OCBC),Selected balance sheet items ($m),1H23,2023-06-30,1H,missing,293532.0,,,,,,
OCBC,bs.assets.customer_loans_gross,Customer loans (net for DBS per policy; gross for UOB/OCBC),Selected balance sheet items ($m),3Q23,2023-09-30,3Q,missing,294330.0,,,,,,
OCBC,bs.assets.customer_loans_gross,Customer loans (net for DBS per policy; gross for UOB/OCBC),Selected balance sheet items ($m),2H23,2023-12-31,2H,missing,292754.0,,,,,,
OCBC,bs.assets.customer_loans_gross,Customer loans (net for DBS per policy; gross for UOB/OCBC),Selected balance sheet items ($m),FY23,2023-12-31,FY,missing,292754.0,,,,,,
OCBC,bs.assets.customer_loans_gross,Customer loans (net for DBS per policy; gross for UOB/OCBC),Selected balance sheet items ($m),1Q24,2024-03-31,1Q,match,296932.0,296932.0,0.0,S$m,span,OCBC_1Q25_Results__Press_Release,Net loans to customers
OCBC,bs.assets.customer_loans_gross,Customer loans (net for DBS per policy; gross for UOB/OCBC),Selected balance sheet items ($m),2Q24,2024-06-30,2Q,match,299980.0,299980.0,0.0,S$m,span,OCBC_1H25_Media_Release_Financial_Highlights,Net loans to customers
OCBC,bs.assets.customer_loans_gross,Customer loans (net for DBS per policy; gross for UOB/OCBC),Selected balance sheet items ($m),3Q24,2024-09-30,3Q,match,301285.0,301285.0,0.0,S$m,span,OCBC_3Q25_Results_Press_Release,Net loans to customers
OCBC,bs.assets.customer_loans_gross,Customer loans (net for DBS per policy; gross for UOB/OCBC),Selected balance sheet items ($m),2H24,2024-12-31,2H,match,315096.0,315096.0,0.0,S$m,span,OCBC_4Q25_Media_Release_and_Financial_Highlights,Net loans to customers
OCBC,bs.assets.customer_loans_gross,Customer loans (net for DBS per policy; gross for UOB/OCBC),Selected balance sheet items ($m),1Q25,2025-03-31,1Q,match,317885.0,317885.0,0.0,S$m,span,OCBC_1H25_Media_Release_Financial_Highlights,Net loans to customers
OCBC,bs.assets.customer_loans_gross,Customer loans (net for DBS per policy; gross for UOB/OCBC),Selected balance sheet items ($m),2Q25,2025-06-30,2Q,match,320413.0,320413.0,0.0,S$m,span,OCBC_1H25_Media_Release_Financial_Highlights,Net loans to customers
OCBC,bs.assets.customer_loans_gross,Customer loans (net for DBS per policy; gross for UOB/OCBC),Selected balance sheet items ($m),3Q25,2025-09-30,3Q,match,322729.0,322729.0,0.0,S$m,span,OCBC_3Q25_Results_Press_Release,Net loans to customers
OCBC,bs.assets.customer_loans_gross,Customer loans (net for DBS per policy; gross for UOB/OCBC),Selected balance sheet items ($m),2H25,2025-12-31,2H,match,336692.0,336692.0,0.0,S$m,span,OCBC_4Q25_Media_Release_and_Financial_Highlights,Net loans to customers
OCBC,bs.assets.total,Total assets,Selected balance sheet items ($m),1Q23,2023-03-31,1Q,missing,565808.0,,,,,,
OCBC,bs.assets.total,Total assets,Selected balance sheet items ($m),2Q23,2023-06-30,2Q,missing,584440.0,,,,,,
OCBC,bs.assets.total,Total assets,Selected balance sheet items ($m),1H23,2023-06-30,1H,missing,584440.0,,,,,,
OCBC,bs.assets.total,Total assets,Selected balance sheet items ($m),3Q23,2023-09-30,3Q,missing,582346.0,,,,,,
OCBC,bs.assets.total,Total assets,Selected balance sheet items ($m),2H23,2023-12-31,2H,missing,581424.0,,,,,,
OCBC,bs.assets.total,Total assets,Selected balance sheet items ($m),FY23,2023-12-31,FY,missing,581424.0,,,,,,
OCBC,bs.assets.total,Total assets,Selected balance sheet items ($m),1Q24,2024-03-31,1Q,match,597177.0,597177.0,0.0,S$m,span,OCBC_1Q25_Results__Press_Release,Total assets
OCBC,bs.assets.total,Total assets,Selected balance sheet items ($m),2Q24,2024-06-30,2Q,match,598890.0,598890.0,0.0,S$m,span,OCBC_1H25_Media_Release_Financial_Highlights,Total assets
OCBC,bs.assets.total,Total assets,Selected balance sheet items ($m),1H24,2024-06-30,1H,match,598890.0,598890.0,0.0,S$m,span,OCBC_1H25_Media_Release_Financial_Highlights,Total assets
OCBC,bs.assets.total,Total assets,Selected balance sheet items ($m),3Q24,2024-09-30,3Q,match,602006.0,602006.0,0.0,S$m,span,OCBC_3Q25_Results_Press_Release,Total assets
OCBC,bs.assets.total,Total assets,Selected balance sheet items ($m),2H24,2024-12-31,2H,match,625050.0,625050.0,0.0,S$m,span,OCBC_4Q25_Media_Release_and_Financial_Highlights,Total assets
OCBC,bs.assets.total,Total assets,Selected balance sheet items ($m),FY24,2024-12-31,FY,match,625050.0,625050.0,0.0,S$m,span,OCBC_4Q25_Media_Release_and_Financial_Highlights,Total assets
OCBC,bs.assets.total,Total assets,Selected balance sheet items ($m),1Q25,2025-03-31,1Q,match,636655.0,636655.0,0.0,S$m,span,OCBC_1H25_Media_Release_Financial_Highlights,Total assets
OCBC,bs.assets.total,Total assets,Selected balance sheet items ($m),2Q25,2025-06-30,2Q,match,644794.0,644794.0,0.0,S$m,span,OCBC_1H25_Media_Release_Financial_Highlights,Total assets
OCBC,bs.assets.total,Total assets,Selected balance sheet items ($m),1H25,2025-06-30,1H,match,644794.0,644794.0,0.0,S$m,span,OCBC_1H25_Media_Release_Financial_Highlights,Total assets
OCBC,bs.assets.total,Total assets,Selected balance sheet items ($m),3Q25,2025-09-30,3Q,match,647812.0,647812.0,0.0,S$m,span,OCBC_3Q25_Results_Press_Release,Total assets
OCBC,bs.assets.total,Total assets,Selected balance sheet items ($m),2H25,2025-12-31,2H,match,675688.0,675688.0,0.0,S$m,span,OCBC_4Q25_Media_Release_and_Financial_Highlights,Total assets
OCBC,bs.assets.total,Total assets,Selected balance sheet items ($m),FY25,2025-12-31,FY,match,675688.0,675688.0,0.0,S$m,span,OCBC_4Q25_Media_Release_and_Financial_Highlights,Total assets
OCBC,bs.equity.shareholders,Shareholders' equity,Selected balance sheet items ($m),1H23,2023-06-30,1H,missing,52604.0,,,,,,
OCBC,bs.equity.shareholders,Shareholders' equity,Selected balance sheet items ($m),2H23,2023-12-31,2H,missing,54170.0,,,,,,
OCBC,bs.equity.shareholders,Shareholders' equity,Selected balance sheet items ($m),FY23,2023-12-31,FY,missing,54170.0,,,,,,
OCBC,bs.liabilities.customer_deposits,Customer deposits,Selected balance sheet items ($m),1Q23,2023-03-31,1Q,missing,52027.0,,,,,,
OCBC,bs.liabilities.customer_deposits,Customer deposits,Selected balance sheet items ($m),2Q23,2023-06-30,2Q,missing,50904.0,,,,,,
OCBC,bs.liabilities.customer_deposits,Customer deposits,Selected balance sheet items ($m),1H23,2023-06-30,1H,missing,372462.0,,,,,,
OCBC,bs.liabilities.customer_deposits,Customer deposits,Selected balance sheet items ($m),3Q23,2023-09-30,3Q,missing,50694.0,,,,,,
OCBC,bs.liabilities.customer_deposits,Customer deposits,Selected balance sheet items ($m),2H23,2023-12-31,2H,missing,363770.0,,,,,,
OCBC,bs.liabilities.customer_deposits,Customer deposits,Selected balance sheet items ($m),FY23,2023-12-31,FY,missing,363770.0,,,,,,
OCBC,bs.liabilities.customer_deposits,Customer deposits,Selected balance sheet items ($m),2H24,2024-12-31,2H,match,390687.0,390687.0,0.0,S$m,span,OCBC_4Q25_Media_Release_and_Financial_Highlights,Deposits of non-bank customers
OCBC,bs.liabilities.customer_deposits,Customer deposits,Selected balance sheet items ($m),2H25,2025-12-31,2H,match,428286.0,428286.0,0.0,S$m,span,OCBC_4Q25_Media_Release_and_Financial_Highlights,Deposits of non-bank customers
OCBC,bs.nav_per_share,Net asset value per share,Per share (S$),1H23,2023-06-30,1H,missing,11.33,,,,,,
OCBC,bs.nav_per_share,Net asset value per share,Per share (S$),2H23,2023-12-31,2H,missing,11.77,,,,,,
OCBC,bs.nav_per_share,Net asset value per share,Per share (S$),FY23,2023-12-31,FY,missing,11.77,,,,,,
OCBC,bs.nav_per_share,Net asset value per share,Per share (S$),1H24,2024-06-30,1H,missing,12.29,,,,,,
OCBC,bs.nav_per_share,Net asset value per share,Per share (S$),2H24,2024-12-31,2H,match,12.8,12.8,0.0,per_share,as_at_fallback,OCBC_4Q25_Condensed_Financial_Statements,Net asset value per ordinary share – S$ (1)
OCBC,bs.nav_per_share,Net asset value per share,Per share (S$),FY24,2024-12-31,FY,match,12.8,12.8,0.0,per_share,as_at_fallback,OCBC_4Q25_Condensed_Financial_Statements,Net asset value per ordinary share – S$ (1)
OCBC,bs.nav_per_share,Net asset value per share,Per share (S$),1H25,2025-06-30,1H,missing,12.92,,,,,,
OCBC,bs.nav_per_share,Net asset value per share,Per share (S$),2H25,2025-12-31,2H,match,13.38,13.38,0.0,per_share,as_at_fallback,OCBC_4Q25_Condensed_Financial_Statements,Net asset value per ordinary share – S$ (1)
OCBC,bs.nav_per_share,Net asset value per share,Per share (S$),FY25,2025-12-31,FY,match,13.38,13.38,0.0,per_share,as_at_fallback,OCBC_4Q25_Condensed_Financial_Statements,Net asset value per ordinary share – S$ (1)
OCBC,pnl.associates,Share of profits/losses of associates and JVs,Selected income statement items ($m),1Q23,2023-03-31,1Q,missing,1971.0,,,,,,
OCBC,pnl.associates,Share of profits/losses of associates and JVs,Selected income statement items ($m),2Q23,2023-06-30,2Q,missing,1848.0,,,,,,
OCBC,pnl.associates,Share of profits/losses of associates and JVs,Selected income statement items ($m),1H23,2023-06-30,1H,missing,510.0,,,,,,
OCBC,pnl.associates,Share of profits/losses of associates and JVs,Selected income statement items ($m),3Q23,2023-09-30,3Q,missing,1879.0,,,,,,
OCBC,pnl.associates,Share of profits/losses of associates and JVs,Selected income statement items ($m),2H23,2023-12-31,2H,missing,443.0,,,,,,
OCBC,pnl.associates,Share of profits/losses of associates and JVs,Selected income statement items ($m),FY23,2023-12-31,FY,missing,953.0,,,,,,
OCBC,pnl.associates,Share of profits/losses of associates and JVs,Selected income statement items ($m),1H24,2024-06-30,1H,match,498.0,498.0,0.0,S$m,span,OCBC_1H25_Media_Release_Financial_Highlights,"Share of results of associates, net of tax"
OCBC,pnl.associates,Share of profits/losses of associates and JVs,Selected income statement items ($m),2H24,2024-12-31,2H,match,496.0,496.0,0.0,S$m,span,OCBC_4Q25_Condensed_Financial_Statements,"Share of results of associates, net of tax"
OCBC,pnl.associates,Share of profits/losses of associates and JVs,Selected income statement items ($m),FY24,2024-12-31,FY,match,994.0,994.0,0.0,S$m,span,OCBC_4Q25_Condensed_Financial_Statements,"Share of results of associates, net of tax"
OCBC,pnl.associates,Share of profits/losses of associates and JVs,Selected income statement items ($m),1H25,2025-06-30,1H,match,537.0,537.0,0.0,S$m,span,OCBC_1H25_Media_Release_Financial_Highlights,"Share of results of associates, net of tax"
OCBC,pnl.associates,Share of profits/losses of associates and JVs,Selected income statement items ($m),2H25,2025-12-31,2H,match,540.0,540.0,0.0,S$m,span,OCBC_4Q25_Condensed_Financial_Statements,"Share of results of associates, net of tax"
OCBC,pnl.associates,Share of profits/losses of associates and JVs,Selected income statement items ($m),FY25,2025-12-31,FY,match,1077.0,1077.0,0.0,S$m,span,OCBC_4Q25_Condensed_Financial_Statements,"Share of results of associates, net of tax"
OCBC,pnl.eps.basic,Basic earnings per share,Per share (S$),1H23,2023-06-30,1H,missing,1.6,,,,,,
OCBC,pnl.eps.basic,Basic earnings per share,Per share (S$),2H23,2023-12-31,2H,missing,1.5,,,,,,
OCBC,pnl.eps.basic,Basic earnings per share,Per share (S$),FY23,2023-12-31,FY,missing,1.55,,,,,,
OCBC,pnl.eps.basic,Basic earnings per share,Per share (S$),1H24,2024-06-30,1H,missing,1.74,,,,,,
OCBC,pnl.eps.basic,Basic earnings per share,Per share (S$),FY24,2024-12-31,FY,match,1.67,1.67,0.0,per_share,span,OCBC_4Q25_Condensed_Financial_Statements,Basic
OCBC,pnl.eps.basic,Basic earnings per share,Per share (S$),1H25,2025-06-30,1H,missing,1.64,,,,,,
OCBC,pnl.eps.basic,Basic earnings per share,Per share (S$),FY25,2025-12-31,FY,match,1.63,1.63,0.0,per_share,span,OCBC_4Q25_Condensed_Financial_Statements,Basic
OCBC,pnl.eps.diluted,Diluted earnings per share,Per share (S$),1H23,2023-06-30,1H,missing,1.59,,,,,,
OCBC,pnl.eps.diluted,Diluted earnings per share,Per share (S$),2H23,2023-12-31,2H,missing,1.5,,,,,,
OCBC,pnl.eps.diluted,Diluted earnings per share,Per share (S$),FY23,2023-12-31,FY,missing,1.55,,,,,,
OCBC,pnl.eps.diluted,Diluted earnings per share,Per share (S$),1H24,2024-06-30,1H,missing,1.74,,,,,,
OCBC,pnl.eps.diluted,Diluted earnings per share,Per share (S$),FY24,2024-12-31,FY,match,1.67,1.67,0.0,per_share,span,OCBC_4Q25_Condensed_Financial_Statements,Diluted
OCBC,pnl.eps.diluted,Diluted earnings per share,Per share (S$),1H25,2025-06-30,1H,missing,1.63,,,,,,
OCBC,pnl.eps.diluted,Diluted earnings per share,Per share (S$),FY25,2025-12-31,FY,match,1.63,1.63,0.0,per_share,span,OCBC_4Q25_Condensed_Financial_Statements,Diluted
OCBC,pnl.income.total,Total income,Selected income statement items ($m),1Q23,2023-03-31,1Q,missing,1244.0,,,,,,
OCBC,pnl.income.total,Total income,Selected income statement items ($m),2Q23,2023-06-30,2Q,missing,1329.0,,,,,,
OCBC,pnl.income.total,Total income,Selected income statement items ($m),1H23,2023-06-30,1H,missing,6805.0,,,,,,
OCBC,pnl.income.total,Total income,Selected income statement items ($m),3Q23,2023-09-30,3Q,missing,1340.0,,,,,,
OCBC,pnl.income.total,Total income,Selected income statement items ($m),2H23,2023-12-31,2H,missing,6702.0,,,,,,
OCBC,pnl.income.total,Total income,Selected income statement items ($m),FY23,2023-12-31,FY,missing,13507.0,,,,,,
OCBC,pnl.income.total,Total income,Selected income statement items ($m),1H24,2024-06-30,1H,match,7255.0,7255.0,0.0,S$m,span,OCBC_1H25_Media_Release_Financial_Highlights,Total income
OCBC,pnl.income.total,Total income,Selected income statement items ($m),2H24,2024-12-31,2H,match,7218.0,7218.0,0.0,S$m,span,OCBC_4Q25_Condensed_Financial_Statements,Total income
OCBC,pnl.income.total,Total income,Selected income statement items ($m),FY24,2024-12-31,FY,match,14473.0,14473.0,0.0,S$m,span,OCBC_4Q25_Condensed_Financial_Statements,Total income
OCBC,pnl.income.total,Total income,Selected income statement items ($m),1H25,2025-06-30,1H,match,7202.0,7202.0,0.0,S$m,span,OCBC_1H25_Media_Release_Financial_Highlights,Total income
OCBC,pnl.income.total,Total income,Selected income statement items ($m),2H25,2025-12-31,2H,match,7412.0,7412.0,0.0,S$m,span,OCBC_4Q25_Condensed_Financial_Statements,Total income
OCBC,pnl.income.total,Total income,Selected income statement items ($m),FY25,2025-12-31,FY,match,14614.0,14614.0,0.0,S$m,span,OCBC_4Q25_Condensed_Financial_Statements,Total income
OCBC,pnl.nii.net,Net interest income,Selected income statement items ($m),1Q23,2023-03-31,1Q,missing,2338.0,,,,,,
OCBC,pnl.nii.net,Net interest income,Selected income statement items ($m),2Q23,2023-06-30,2Q,missing,2389.0,,,,,,
OCBC,pnl.nii.net,Net interest income,Selected income statement items ($m),1H23,2023-06-30,1H,missing,4727.0,,,,,,
OCBC,pnl.nii.net,Net interest income,Selected income statement items ($m),3Q23,2023-09-30,3Q,missing,2456.0,,,,,,
OCBC,pnl.nii.net,Net interest income,Selected income statement items ($m),2H23,2023-12-31,2H,missing,4918.0,,,,,,
OCBC,pnl.nii.net,Net interest income,Selected income statement items ($m),FY23,2023-12-31,FY,missing,9645.0,,,,,,
OCBC,pnl.nii.net,Net interest income,Selected income statement items ($m),1Q24,2024-03-31,1Q,match,2437.0,2437.0,0.0,S$m,span,OCBC_1Q25_Results__Press_Release,Net interest income
OCBC,pnl.nii.net,Net interest income,Selected income statement items ($m),2Q24,2024-06-30,2Q,match,2430.0,2430.0,0.0,S$m,span,OCBC_1H25_Media_Release_Financial_Highlights,Net interest income
OCBC,pnl.nii.net,Net interest income,Selected income statement items ($m),1H24,2024-06-30,1H,match,4867.0,4867.0,0.0,S$m,span,OCBC_1H25_Media_Release_Financial_Highlights,Net interest income
OCBC,pnl.nii.net,Net interest income,Selected income statement items ($m),3Q24,2024-09-30,3Q,match,2433.0,2433.0,0.0,S$m,span,OCBC_3Q25_Results_Press_Release,Net interest income
OCBC,pnl.nii.net,Net interest income,Selected income statement items ($m),2H24,2024-12-31,2H,match,4888.0,4888.0,0.0,S$m,span,OCBC_4Q25_Condensed_Financial_Statements,Net interest income
OCBC,pnl.nii.net,Net interest income,Selected income statement items ($m),FY24,2024-12-31,FY,match,9755.0,9755.0,0.0,S$m,span,OCBC_4Q25_Condensed_Financial_Statements,Net interest income
OCBC,pnl.nii.net,Net interest income,Selected income statement items ($m),1Q25,2025-03-31,1Q,match,2345.0,2345.0,0.0,S$m,span,OCBC_1H25_Media_Release_Financial_Highlights,Net interest income
OCBC,pnl.nii.net,Net interest income,Selected income statement items ($m),2Q25,2025-06-30,2Q,match,2283.0,2283.0,0.0,S$m,span,OCBC_1H25_Media_Release_Financial_Highlights,Net interest income
OCBC,pnl.nii.net,Net interest income,Selected income statement items ($m),1H25,2025-06-30,1H,match,4628.0,4628.0,0.0,S$m,span,OCBC_1H25_Media_Release_Financial_Highlights,Net interest income
OCBC,pnl.nii.net,Net interest income,Selected income statement items ($m),3Q25,2025-09-30,3Q,match,2226.0,2226.0,0.0,S$m,span,OCBC_3Q25_Results_Press_Release,Net interest income
OCBC,pnl.nii.net,Net interest income,Selected income statement items ($m),2H25,2025-12-31,2H,match,4522.0,4522.0,0.0,S$m,span,OCBC_4Q25_Condensed_Financial_Statements,Net interest income
OCBC,pnl.nii.net,Net interest income,Selected income statement items ($m),FY25,2025-12-31,FY,match,9150.0,9150.0,0.0,S$m,span,OCBC_4Q25_Condensed_Financial_Statements,Net interest income
OCBC,pnl.noninterest.fee_commission,Net fee and commission income,Selected income statement items ($m),1Q23,2023-03-31,1Q,missing,1012.0,,,,,,
OCBC,pnl.noninterest.fee_commission,Net fee and commission income,Selected income statement items ($m),2Q23,2023-06-30,2Q,missing,1066.0,,,,,,
OCBC,pnl.noninterest.fee_commission,Net fee and commission income,Selected income statement items ($m),3Q23,2023-09-30,3Q,missing,973.0,,,,,,
OCBC,pnl.noninterest.fee_commission,Net fee and commission income,Selected income statement items ($m),FY23,2023-12-31,FY,missing,1804.0,,,,,,
OCBC,pnl.noninterest.fee_commission,Net fee and commission income,Selected income statement items ($m),FY24,2024-12-31,FY,match,1970.0,1970.0,0.0,S$m,span,OCBC_4Q25_Condensed_Financial_Statements,Fees and commissions (net)
OCBC,pnl.noninterest.fee_commission,Net fee and commission income,Selected income statement items ($m),FY25,2025-12-31,FY,match,2411.0,2411.0,0.0,S$m,span,OCBC_4Q25_Condensed_Financial_Statements,Fees and commissions (net)
OCBC,pnl.noninterest.other,Other non-interest income,Selected income statement items ($m),1Q23,2023-03-31,1Q,missing,3350.0,,,,,,
OCBC,pnl.noninterest.other,Other non-interest income,Selected income statement items ($m),2Q23,2023-06-30,2Q,missing,3455.0,,,,,,
OCBC,pnl.noninterest.other,Other non-interest income,Selected income statement items ($m),1H23,2023-06-30,1H,missing,2078.0,,,,,,
OCBC,pnl.noninterest.other,Other non-interest income,Selected income statement items ($m),3Q23,2023-09-30,3Q,missing,3429.0,,,,,,
OCBC,pnl.noninterest.other,Other non-interest income,Selected income statement items ($m),2H23,2023-12-31,2H,missing,1784.0,,,,,,
OCBC,pnl.noninterest.other,Other non-interest income,Selected income statement items ($m),FY23,2023-12-31,FY,missing,3862.0,,,,,,
OCBC,pnl.opex.amortisation_intangibles,Amortisation of intangible assets,Selected income statement items ($m),1Q23,2023-03-31,1Q,missing,56.0,,,,,,
OCBC,pnl.opex.amortisation_intangibles,Amortisation of intangible assets,Selected income statement items ($m),2Q23,2023-06-30,2Q,missing,52.0,,,,,,
OCBC,pnl.opex.amortisation_intangibles,Amortisation of intangible assets,Selected income statement items ($m),1H23,2023-06-30,1H,missing,51.0,,,,,,
OCBC,pnl.opex.amortisation_intangibles,Amortisation of intangible assets,Selected income statement items ($m),3Q23,2023-09-30,3Q,missing,220.0,,,,,,
OCBC,pnl.opex.amortisation_intangibles,Amortisation of intangible assets,Selected income statement items ($m),2H23,2023-12-31,2H,missing,52.0,,,,,,
OCBC,pnl.opex.amortisation_intangibles,Amortisation of intangible assets,Selected income statement items ($m),FY23,2023-12-31,FY,missing,103.0,,,,,,
OCBC,pnl.opex.amortisation_intangibles,Amortisation of intangible assets,Selected income statement items ($m),1H24,2024-06-30,1H,match,47.0,47.0,0.0,S$m,span,OCBC_1H25_Media_Release_Financial_Highlights,Amortisation of intangible assets
OCBC,pnl.opex.amortisation_intangibles,Amortisation of intangible assets,Selected income statement items ($m),2H24,2024-12-31,2H,match,12.0,12.0,0.0,S$m,span,OCBC_4Q25_Condensed_Financial_Statements,Amortisation of intangible assets
OCBC,pnl.opex.amortisation_intangibles,Amortisation of intangible assets,Selected income statement items ($m),FY24,2024-12-31,FY,match,59.0,59.0,0.0,S$m,span,OCBC_4Q25_Condensed_Financial_Statements,Amortisation of intangible assets
OCBC,pnl.opex.amortisation_intangibles,Amortisation of intangible assets,Selected income statement items ($m),1H25,2025-06-30,1H,match,11.0,11.0,0.0,S$m,span,OCBC_1H25_Media_Release_Financial_Highlights,Amortisation of intangible assets
OCBC,pnl.opex.amortisation_intangibles,Amortisation of intangible assets,Selected income statement items ($m),2H25,2025-12-31,2H,match,10.0,10.0,0.0,S$m,span,OCBC_4Q25_Condensed_Financial_Statements,Amortisation of intangible assets
OCBC,pnl.opex.amortisation_intangibles,Amortisation of intangible assets,Selected income statement items ($m),FY25,2025-12-31,FY,match,21.0,21.0,0.0,S$m,span,OCBC_4Q25_Condensed_Financial_Statements,Amortisation of intangible assets
OCBC,pnl.opex.total,Operating expenses,Selected income statement items ($m),1Q23,2023-03-31,1Q,missing,2106.0,,,,,,
OCBC,pnl.opex.total,Operating expenses,Selected income statement items ($m),2Q23,2023-06-30,2Q,missing,2126.0,,,,,,
OCBC,pnl.opex.total,Operating expenses,Selected income statement items ($m),1H23,2023-06-30,1H,missing,2573.0,,,,,,
OCBC,pnl.opex.total,Operating expenses,Selected income statement items ($m),3Q23,2023-09-30,3Q,missing,2089.0,,,,,,
OCBC,pnl.opex.total,Operating expenses,Selected income statement items ($m),2H23,2023-12-31,2H,missing,2650.0,,,,,,
OCBC,pnl.opex.total,Operating expenses,Selected income statement items ($m),FY23,2023-12-31,FY,missing,5223.0,,,,,,
OCBC,pnl.opex.total,Operating expenses,Selected income statement items ($m),1H24,2024-06-30,1H,match,2719.0,2719.0,0.0,S$m,span,OCBC_1H25_Media_Release_Financial_Highlights,Operating expenses
OCBC,pnl.opex.total,Operating expenses,Selected income statement items ($m),2H24,2024-12-31,2H,match,3023.0,3023.0,0.0,S$m,span,OCBC_4Q25_Condensed_Financial_Statements,Total operating expenses
OCBC,pnl.opex.total,Operating expenses,Selected income statement items ($m),FY24,2024-12-31,FY,match,5742.0,5742.0,0.0,S$m,span,OCBC_4Q25_Condensed_Financial_Statements,Total operating expenses
OCBC,pnl.opex.total,Operating expenses,Selected income statement items ($m),1H25,2025-06-30,1H,match,2804.0,2804.0,0.0,S$m,span,OCBC_1H25_Media_Release_Financial_Highlights,Operating expenses
OCBC,pnl.opex.total,Operating expenses,Selected income statement items ($m),2H25,2025-12-31,2H,match,3078.0,3078.0,0.0,S$m,span,OCBC_4Q25_Condensed_Financial_Statements,Total operating expenses
OCBC,pnl.opex.total,Operating expenses,Selected income statement items ($m),FY25,2025-12-31,FY,match,5882.0,5882.0,0.0,S$m,span,OCBC_4Q25_Condensed_Financial_Statements,Total operating expenses
OCBC,pnl.profit.net_attributable,Net profit,Selected income statement items ($m),1Q23,2023-03-31,1Q,missing,2231.0,,,,,,
OCBC,pnl.profit.net_attributable,Net profit,Selected income statement items ($m),2Q23,2023-06-30,2Q,missing,2098.0,,,,,,
OCBC,pnl.profit.net_attributable,Net profit,Selected income statement items ($m),1H23,2023-06-30,1H,missing,3589.0,,,,,,
OCBC,pnl.profit.net_attributable,Net profit,Selected income statement items ($m),3Q23,2023-09-30,3Q,missing,2133.0,,,,,,
OCBC,pnl.profit.net_attributable,Net profit,Selected income statement items ($m),2H23,2023-12-31,2H,missing,3432.0,,,,,,
OCBC,pnl.profit.net_attributable,Net profit,Selected income statement items ($m),FY23,2023-12-31,FY,missing,7021.0,,,,,,
OCBC,pnl.profit.net_attributable,Net profit,Selected income statement items ($m),1H24,2024-06-30,1H,match,3926.0,3926.0,0.0,S$m,span,OCBC_1H25_Media_Release_Financial_Highlights,Net profit attributable to equity holders
OCBC,pnl.profit.net_attributable,Net profit,Selected income statement items ($m),1H25,2025-06-30,1H,match,3699.0,3699.0,0.0,S$m,span,OCBC_1H25_Media_Release_Financial_Highlights,Net profit attributable to equity holders
OCBC,pnl.profit.operating,Operating profit,Selected income statement items ($m),1Q23,2023-03-31,1Q,missing,25.0,,,,,,
OCBC,pnl.profit.operating,Operating profit,Selected income statement items ($m),2Q23,2023-06-30,2Q,missing,26.0,,,,,,
OCBC,pnl.profit.operating,Operating profit,Selected income statement items ($m),1H23,2023-06-30,1H,missing,4232.0,,,,,,
OCBC,pnl.profit.operating,Operating profit,Selected income statement items ($m),3Q23,2023-09-30,3Q,missing,26.0,,,,,,
OCBC,pnl.profit.operating,Operating profit,Selected income statement items ($m),2H23,2023-12-31,2H,missing,4052.0,,,,,,
OCBC,pnl.profit.operating,Operating profit,Selected income statement items ($m),FY23,2023-12-31,FY,missing,8284.0,,,,,,
OCBC,pnl.profit.operating,Operating profit,Selected income statement items ($m),1H24,2024-06-30,1H,match,4536.0,4536.0,0.0,S$m,span,OCBC_1H25_Media_Release_Financial_Highlights,Operating profit before allowances and amortisation
OCBC,pnl.profit.operating,Operating profit,Selected income statement items ($m),2H24,2024-12-31,2H,match,4195.0,4195.0,0.0,S$m,span,OCBC_4Q25_Condensed_Financial_Statements,Operating profit before allowances and amortisation
OCBC,pnl.profit.operating,Operating profit,Selected income statement items ($m),FY24,2024-12-31,FY,match,8731.0,8731.0,0.0,S$m,span,OCBC_4Q25_Condensed_Financial_Statements,Operating profit before allowances and amortisation
OCBC,pnl.profit.operating,Operating profit,Selected income statement items ($m),1H25,2025-06-30,1H,match,4398.0,4398.0,0.0,S$m,span,OCBC_1H25_Media_Release_Financial_Highlights,Operating profit before allowances and amortisation
OCBC,pnl.profit.operating,Operating profit,Selected income statement items ($m),2H25,2025-12-31,2H,match,4334.0,4334.0,0.0,S$m,span,OCBC_4Q25_Condensed_Financial_Statements,Operating profit before allowances and amortisation
OCBC,pnl.profit.operating,Operating profit,Selected income statement items ($m),FY25,2025-12-31,FY,match,8732.0,8732.0,0.0,S$m,span,OCBC_4Q25_Condensed_Financial_Statements,Operating profit before allowances and amortisation
OCBC,pnl.profit.pretax,Profit before tax,Selected income statement items ($m),1Q23,2023-03-31,1Q,missing,260.0,,,,,,
OCBC,pnl.profit.pretax,Profit before tax,Selected income statement items ($m),2Q23,2023-06-30,2Q,missing,250.0,,,,,,
OCBC,pnl.profit.pretax,Profit before tax,Selected income statement items ($m),1H23,2023-06-30,1H,missing,4329.0,,,,,,
OCBC,pnl.profit.pretax,Profit before tax,Selected income statement items ($m),3Q23,2023-09-30,3Q,missing,254.0,,,,,,
OCBC,pnl.profit.pretax,Profit before tax,Selected income statement items ($m),2H23,2023-12-31,2H,missing,4072.0,,,,,,
OCBC,pnl.profit.pretax,Profit before tax,Selected income statement items ($m),FY23,2023-12-31,FY,missing,8401.0,,,,,,
OCBC,pnl.profit.pretax,Profit before tax,Selected income statement items ($m),1H24,2024-06-30,1H,match,4674.0,4674.0,0.0,S$m,span,OCBC_1H25_Media_Release_Financial_Highlights,Profit before income tax
OCBC,pnl.profit.pretax,Profit before tax,Selected income statement items ($m),2H24,2024-12-31,2H,match,4302.0,4302.0,0.0,S$m,span,OCBC_4Q25_Condensed_Financial_Statements,Profit before income tax
OCBC,pnl.profit.pretax,Profit before tax,Selected income statement items ($m),FY24,2024-12-31,FY,match,8976.0,8976.0,0.0,S$m,span,OCBC_4Q25_Condensed_Financial_Statements,Profit before income tax
OCBC,pnl.profit.pretax,Profit before tax,Selected income statement items ($m),1H25,2025-06-30,1H,match,4598.0,4598.0,0.0,S$m,span,OCBC_1H25_Media_Release_Financial_Highlights,Profit before income tax
OCBC,pnl.profit.pretax,Profit before tax,Selected income statement items ($m),2H25,2025-12-31,2H,match,4525.0,4525.0,0.0,S$m,span,OCBC_4Q25_Condensed_Financial_Statements,Profit before income tax
OCBC,pnl.profit.pretax,Profit before tax,Selected income statement items ($m),FY25,2025-12-31,FY,match,9123.0,9123.0,0.0,S$m,span,OCBC_4Q25_Condensed_Financial_Statements,Profit before income tax
OCBC,pnl.provisions.total,Allowances for credit and other losses,Selected income statement items ($m),1Q23,2023-03-31,1Q,missing,54.0,,,,,,
OCBC,pnl.provisions.total,Allowances for credit and other losses,Selected income statement items ($m),2Q23,2023-06-30,2Q,missing,200.0,,,,,,
OCBC,pnl.provisions.total,Allowances for credit and other losses,Selected income statement items ($m),1H23,2023-06-30,1H,missing,362.0,,,,,,
OCBC,pnl.provisions.total,Allowances for credit and other losses,Selected income statement items ($m),3Q23,2023-09-30,3Q,missing,36.0,,,,,,
OCBC,pnl.provisions.total,Allowances for credit and other losses,Selected income statement items ($m),2H23,2023-12-31,2H,missing,371.0,,,,,,
OCBC,pnl.provisions.total,Allowances for credit and other losses,Selected income statement items ($m),FY23,2023-12-31,FY,missing,733.0,,,,,,
OCBC,pnl.provisions.total,Allowances for credit and other losses,Selected income statement items ($m),1H24,2024-06-30,1H,match,313.0,313.0,0.0,S$m,span,OCBC_1H25_Media_Release_Financial_Highlights,Allowances charge/(write-back) for loans and other assets
OCBC,pnl.provisions.total,Allowances for credit and other losses,Selected income statement items ($m),2H24,2024-12-31,2H,match,377.0,377.0,0.0,S$m,span,OCBC_4Q25_Condensed_Financial_Statements,Allowances for loans and other assets
OCBC,pnl.provisions.total,Allowances for credit and other losses,Selected income statement items ($m),FY24,2024-12-31,FY,match,690.0,690.0,0.0,S$m,span,OCBC_4Q25_Condensed_Financial_Statements,Allowances for loans and other assets
OCBC,pnl.provisions.total,Allowances for credit and other losses,Selected income statement items ($m),FY25,2025-12-31,FY,match,665.0,665.0,0.0,S$m,span,OCBC_4Q25_Condensed_Financial_Statements,Allowances for loans and other assets
OCBC,ratio.cir,Cost/income ratio,Key financial ratios (%),1Q23,2023-03-31,1Q,missing,14.7,,,,,,
OCBC,ratio.cir,Cost/income ratio,Key financial ratios (%),2Q23,2023-06-30,2Q,missing,13.5,,,,,,
OCBC,ratio.cir,Cost/income ratio,Key financial ratios (%),1H23,2023-06-30,1H,missing,37.8,,,,,,
OCBC,ratio.cir,Cost/income ratio,Key financial ratios (%),3Q23,2023-09-30,3Q,missing,14.0,,,,,,
OCBC,ratio.cir,Cost/income ratio,Key financial ratios (%),2H23,2023-12-31,2H,missing,39.6,,,,,,
OCBC,ratio.cir,Cost/income ratio,Key financial ratios (%),FY23,2023-12-31,FY,missing,38.7,,,,,,
OCBC,ratio.cir,Cost/income ratio,Key financial ratios (%),1H24,2024-06-30,1H,match,37.5,37.5,0.0,%,span,OCBC_1H25_Media_Release_Financial_Highlights,Cost-to-income
OCBC,ratio.cir,Cost/income ratio,Key financial ratios (%),2H24,2024-12-31,2H,match,41.9,41.9,0.0,%,span,OCBC_4Q25_Media_Release_and_Financial_Highlights,Cost-to-income
OCBC,ratio.cir,Cost/income ratio,Key financial ratios (%),FY24,2024-12-31,FY,match,39.7,39.7,0.0,%,span,OCBC_4Q25_Media_Release_and_Financial_Highlights,Cost-to-income
OCBC,ratio.cir,Cost/income ratio,Key financial ratios (%),1H25,2025-06-30,1H,match,38.9,38.9,0.0,%,span,OCBC_4Q25_Media_Release_and_Financial_Highlights,Cost-to-income
OCBC,ratio.cir,Cost/income ratio,Key financial ratios (%),2H25,2025-12-31,2H,match,41.5,41.5,0.0,%,span,OCBC_4Q25_Media_Release_and_Financial_Highlights,Cost-to-income
OCBC,ratio.cir,Cost/income ratio,Key financial ratios (%),FY25,2025-12-31,FY,match,40.2,40.2,0.0,%,span,OCBC_4Q25_Media_Release_and_Financial_Highlights,Cost-to-income
OCBC,ratio.nim,Net interest margin,Key financial ratios (%),1Q23,2023-03-31,1Q,missing,1.63,,,,,,
OCBC,ratio.nim,Net interest margin,Key financial ratios (%),2Q23,2023-06-30,2Q,missing,1.43,,,,,,
OCBC,ratio.nim,Net interest margin,Key financial ratios (%),1H23,2023-06-30,1H,missing,2.28,,,,,,
OCBC,ratio.nim,Net interest margin,Key financial ratios (%),3Q23,2023-09-30,3Q,missing,1.48,,,,,,
OCBC,ratio.nim,Net interest margin,Key financial ratios (%),2H23,2023-12-31,2H,missing,2.28,,,,,,
OCBC,ratio.nim,Net interest margin,Key financial ratios (%),FY23,2023-12-31,FY,missing,2.28,,,,,,
OCBC,ratio.nim,Net interest margin,Key financial ratios (%),1H24,2024-06-30,1H,match,2.23,2.23,0.0,%,span,OCBC_1H25_Media_Release_Financial_Highlights,Net interest income/margin 1/
OCBC,ratio.nim,Net interest margin,Key financial ratios (%),2H24,2024-12-31,2H,match,2.17,2.17,0.0,%,span,OCBC_4Q25_Media_Release_and_Financial_Highlights,Net interest margin
OCBC,ratio.nim,Net interest margin,Key financial ratios (%),FY24,2024-12-31,FY,match,2.2,2.2,0.0,%,span,OCBC_4Q25_Media_Release_and_Financial_Highlights,Net interest income/margin 1/
OCBC,ratio.nim,Net interest margin,Key financial ratios (%),1H25,2025-06-30,1H,match,1.98,1.98,0.0,%,span,OCBC_1H25_Media_Release_Financial_Highlights,Net interest income/margin 1/
OCBC,ratio.nim,Net interest margin,Key financial ratios (%),2H25,2025-12-31,2H,match,1.85,1.85,0.0,%,span,OCBC_4Q25_Media_Release_and_Financial_Highlights,Net interest margin
OCBC,ratio.nim,Net interest margin,Key financial ratios (%),FY25,2025-12-31,FY,match,1.91,1.91,0.0,%,span,OCBC_4Q25_Media_Release_and_Financial_Highlights,Net interest income/margin 1/
OCBC,ratio.npl,NPL ratio,Key financial ratios (%),1H23,2023-06-30,1H,missing,1.1,,,,,,
OCBC,ratio.npl,NPL ratio,Key financial ratios (%),2H23,2023-12-31,2H,missing,1.0,,,,,,
OCBC,ratio.npl,NPL ratio,Key financial ratios (%),FY23,2023-12-31,FY,missing,1.0,,,,,,
OCBC,ratio.npl,NPL ratio,Key financial ratios (%),1H24,2024-06-30,1H,match,0.9,0.9,0.0,%,span,OCBC_1H25_Media_Release_Financial_Highlights,NPL ratio
OCBC,ratio.npl,NPL ratio,Key financial ratios (%),2H24,2024-12-31,2H,match,0.9,0.9,0.0,%,span,OCBC_4Q25_Media_Release_and_Financial_Highlights,NPL ratio
OCBC,ratio.npl,NPL ratio,Key financial ratios (%),FY24,2024-12-31,FY,match,0.9,0.9,0.0,%,span,OCBC_4Q25_Media_Release_and_Financial_Highlights,NPL ratio
OCBC,ratio.npl,NPL ratio,Key financial ratios (%),1H25,2025-06-30,1H,match,0.9,0.9,0.0,%,span,OCBC_1H25_Media_Release_Financial_Highlights,NPL Ratio
OCBC,ratio.npl,NPL ratio,Key financial ratios (%),2H25,2025-12-31,2H,match,0.9,0.9,0.0,%,span,OCBC_4Q25_Media_Release_and_Financial_Highlights,NPL ratio
OCBC,ratio.npl,NPL ratio,Key financial ratios (%),FY25,2025-12-31,FY,match,0.9,0.9,0.0,%,span,OCBC_4Q25_Media_Release_and_Financial_Highlights,NPL Ratio
OCBC,ratio.roa,Return on assets,Key financial ratios (%),1Q23,2023-03-31,1Q,missing,1.1,,,,,,
OCBC,ratio.roa,Return on assets,Key financial ratios (%),2Q23,2023-06-30,2Q,missing,1.1,,,,,,
OCBC,ratio.roa,Return on assets,Key financial ratios (%),1H23,2023-06-30,1H,missing,1.53,,,,,,
OCBC,ratio.roa,Return on assets,Key financial ratios (%),3Q23,2023-09-30,3Q,missing,1.0,,,,,,
OCBC,ratio.roa,Return on assets,Key financial ratios (%),2H23,2023-12-31,2H,missing,1.4,,,,,,
OCBC,ratio.roa,Return on assets,Key financial ratios (%),FY23,2023-12-31,FY,missing,1.46,,,,,,
OCBC,ratio.roa,Return on assets,Key financial ratios (%),1Q24,2024-03-31,1Q,missing,1.0,,,,,,
OCBC,ratio.roa,Return on assets,Key financial ratios (%),2Q24,2024-06-30,2Q,missing,0.9,,,,,,
OCBC,ratio.roa,Return on assets,Key financial ratios (%),1H24,2024-06-30,1H,missing,1.6,,,,,,
OCBC,ratio.roa,Return on assets,Key financial ratios (%),3Q24,2024-09-30,3Q,missing,0.9,,,,,,
OCBC,ratio.roa,Return on assets,Key financial ratios (%),2H24,2024-12-31,2H,match,1.44,1.44,0.0,%,span,OCBC_4Q25_Media_Release_and_Financial_Highlights,Return on assets 3/
OCBC,ratio.roa,Return on assets,Key financial ratios (%),FY24,2024-12-31,FY,match,1.53,1.53,0.0,%,span,OCBC_4Q25_Media_Release_and_Financial_Highlights,Return on assets 3/
OCBC,ratio.roa,Return on assets,Key financial ratios (%),1Q25,2025-03-31,1Q,missing,0.9,,,,,,
OCBC,ratio.roa,Return on assets,Key financial ratios (%),2Q25,2025-06-30,2Q,missing,0.9,,,,,,
OCBC,ratio.roa,Return on assets,Key financial ratios (%),1H25,2025-06-30,1H,match,1.4,1.4,0.0,%,span,OCBC_4Q25_Media_Release_and_Financial_Highlights,Return on assets 3/
OCBC,ratio.roa,Return on assets,Key financial ratios (%),2H25,2025-12-31,2H,match,1.35,1.35,0.0,%,span,OCBC_4Q25_Media_Release_and_Financial_Highlights,Return on assets 3/
OCBC,ratio.roa,Return on assets,Key financial ratios (%),FY25,2025-12-31,FY,match,1.37,1.37,0.0,%,span,OCBC_4Q25_Media_Release_and_Financial_Highlights,Return on assets 3/
OCBC,ratio.roe,Return on equity,Key financial ratios (%),1Q23,2023-03-31,1Q,missing,15.9,,,,,,
OCBC,ratio.roe,Return on equity,Key financial ratios (%),2Q23,2023-06-30,2Q,missing,15.4,,,,,,
OCBC,ratio.roe,Return on equity,Key financial ratios (%),1H23,2023-06-30,1H,missing,14.3,,,,,,
OCBC,ratio.roe,Return on equity,Key financial ratios (%),3Q23,2023-09-30,3Q,missing,14.8,,,,,,
OCBC,ratio.roe,Return on equity,Key financial ratios (%),2H23,2023-12-31,2H,missing,13.2,,,,,,
OCBC,ratio.roe,Return on equity,Key financial ratios (%),FY23,2023-12-31,FY,missing,13.7,,,,,,
OCBC,ratio.roe,Return on equity,Key financial ratios (%),1H24,2024-06-30,1H,match,14.5,14.5,0.0,%,span,OCBC_1H25_Media_Release_Financial_Highlights,Return on equity 1/ 2/
OCBC,ratio.roe,Return on equity,Key financial ratios (%),2H24,2024-12-31,2H,match,12.9,12.9,0.0,%,span,OCBC_4Q25_Media_Release_and_Financial_Highlights,Return on equity 1/ 2/
OCBC,ratio.roe,Return on equity,Key financial ratios (%),FY24,2024-12-31,FY,match,13.7,13.7,0.0,%,span,OCBC_4Q25_Media_Release_and_Financial_Highlights,Return on equity 1/ 2/
OCBC,ratio.roe,Return on equity,Key financial ratios (%),1H25,2025-06-30,1H,match,12.6,12.6,0.0,%,span,OCBC_4Q25_Media_Release_and_Financial_Highlights,Return on equity 1/ 2/
OCBC,ratio.roe,Return on equity,Key financial ratios (%),2H25,2025-12-31,2H,match,12.5,12.5,0.0,%,span,OCBC_4Q25_Media_Release_and_Financial_Highlights,Return on equity 1/ 2/
OCBC,ratio.roe,Return on equity,Key financial ratios (%),FY25,2025-12-31,FY,match,12.6,12.6,0.0,%,span,OCBC_4Q25_Media_Release_and_Financial_Highlights,Return on equity 1/ 2/
OCBC,reg.capital.cet1_ratio,Common Equity Tier 1 (CET-1),Key financial ratios (%),1Q23,2023-03-31,1Q,missing,1.68,,,,,,
OCBC,reg.capital.cet1_ratio,Common Equity Tier 1 (CET-1),Key financial ratios (%),2Q23,2023-06-30,2Q,missing,1.51,,,,,,
OCBC,reg.capital.cet1_ratio,Common Equity Tier 1 (CET-1),Key financial ratios (%),1H23,2023-06-30,1H,missing,15.4,,,,,,
OCBC,reg.capital.cet1_ratio,Common Equity Tier 1 (CET-1),Key financial ratios (%),3Q23,2023-09-30,3Q,missing,1.58,,,,,,
OCBC,reg.capital.cet1_ratio,Common Equity Tier 1 (CET-1),Key financial ratios (%),2H23,2023-12-31,2H,missing,15.9,,,,,,
OCBC,reg.capital.cet1_ratio,Common Equity Tier 1 (CET-1),Key financial ratios (%),FY23,2023-12-31,FY,missing,15.9,,,,,,
OCBC,reg.capital.cet1_ratio,Common Equity Tier 1 (CET-1),Key financial ratios (%),1H24,2024-06-30,1H,match,15.5,15.5,0.0,%,span,OCBC_1H25_Media_Release_Financial_Highlights,Common Equity Tier 1
OCBC,reg.capital.cet1_ratio,Common Equity Tier 1 (CET-1),Key financial ratios (%),2H24,2024-12-31,2H,match,17.1,17.1,0.0,%,as_at_fallback,OCBC_1H25_Media_Release_Financial_Highlights,Common Equity Tier 1
OCBC,reg.capital.cet1_ratio,Common Equity Tier 1 (CET-1),Key financial ratios (%),FY24,2024-12-31,FY,match,17.1,17.1,0.0,%,as_at_fallback,OCBC_1H25_Media_Release_Financial_Highlights,Common Equity Tier 1
UOB,bs.assets.customer_loans_gross,Customer loans (net for DBS per policy; gross for UOB/OCBC),Selected balance sheet items ($m),1Q23,2023-03-31,1Q,missing,501909.0,,,,,,
UOB,bs.assets.customer_loans_gross,Customer loans (net for DBS per policy; gross for UOB/OCBC),Selected balance sheet items ($m),2Q23,2023-06-30,2Q,missing,505563.0,,,,,,
UOB,bs.assets.customer_loans_gross,Customer loans (net for DBS per policy; gross for UOB/OCBC),Selected balance sheet items ($m),1H23,2023-06-30,1H,missing,318979.0,,,,,,
UOB,bs.assets.customer_loans_gross,Customer loans (net for DBS per policy; gross for UOB/OCBC),Selected balance sheet items ($m),3Q23,2023-09-30,3Q,missing,515887.0,,,,,,
UOB,bs.assets.customer_loans_gross,Customer loans (net for DBS per policy; gross for UOB/OCBC),Selected balance sheet items ($m),2H23,2023-12-31,2H,missing,321150.0,,,,,,
UOB,bs.assets.customer_loans_gross,Customer loans (net for DBS per policy; gross for UOB/OCBC),Selected balance sheet items ($m),FY23,2023-12-31,FY,missing,321150.0,,,,,,
UOB,bs.assets.customer_loans_gross,Customer loans (net for DBS per policy; gross for UOB/OCBC),Selected balance sheet items ($m),2Q24,2024-06-30,2Q,missing,328453.0,,,,,,
UOB,bs.assets.customer_loans_gross,Customer loans (net for DBS per policy; gross for UOB/OCBC),Selected balance sheet items ($m),1H24,2024-06-30,1H,missing,328453.0,,,,,,
UOB,bs.assets.customer_loans_gross,Customer loans (net for DBS per policy; gross for UOB/OCBC),Selected balance sheet items ($m),3Q24,2024-09-30,3Q,match,333998.0,333998.0,0.0,S$m,span,UOB_3Q25_Performance_Highlights,Gross customer loans
UOB,bs.assets.customer_loans_gross,Customer loans (net for DBS per policy; gross for UOB/OCBC),Selected balance sheet items ($m),2H24,2024-12-31,2H,match,337831.0,337831.0,0.0,S$m,span,UOB_4Q25_condensed-financial-statements,Gross customer loans
UOB,bs.assets.customer_loans_gross,Customer loans (net for DBS per policy; gross for UOB/OCBC),Selected balance sheet items ($m),FY24,2024-12-31,FY,match,337831.0,337831.0,0.0,S$m,span,UOB_4Q25_condensed-financial-statements,Gross customer loans
UOB,bs.assets.customer_loans_gross,Customer loans (net for DBS per policy; gross for UOB/OCBC),Selected balance sheet items ($m),1Q25,2025-03-31,1Q,match,341154.0,341154.0,0.0,S$m,span,UOB_1Q25_performance-highlights,Gross customer loans
UOB,bs.assets.customer_loans_gross,Customer loans (net for DBS per policy; gross for UOB/OCBC),Selected balance sheet items ($m),2Q25,2025-06-30,2Q,match,342900.0,342900.0,0.0,S$m,span,UOB_3Q25_Performance_Highlights,Gross customer loans
UOB,bs.assets.customer_loans_gross,Customer loans (net for DBS per policy; gross for UOB/OCBC),Selected balance sheet items ($m),1H25,2025-06-30,1H,match,342900.0,342900.0,0.0,S$m,span,UOB_4Q25_condensed-financial-statements,Gross customer loans
UOB,bs.assets.customer_loans_gross,Customer loans (net for DBS per policy; gross for UOB/OCBC),Selected balance sheet items ($m),3Q25,2025-09-30,3Q,match,351084.0,351084.0,0.0,S$m,span,UOB_3Q25_Performance_Highlights,Gross customer loans
UOB,bs.assets.customer_loans_gross,Customer loans (net for DBS per policy; gross for UOB/OCBC),Selected balance sheet items ($m),2H25,2025-12-31,2H,match,352180.0,352180.0,0.0,S$m,span,UOB_4Q25_condensed-financial-statements,Gross customer loans
UOB,bs.assets.customer_loans_gross,Customer loans (net for DBS per policy; gross for UOB/OCBC),Selected balance sheet items ($m),FY25,2025-12-31,FY,match,352180.0,352180.0,0.0,S$m,span,UOB_4Q25_condensed-financial-statements,Gross customer loans
UOB,bs.assets.total,Total assets,Selected balance sheet items ($m),1Q23,2023-03-31,1Q,missing,374121.0,,,,,,
UOB,bs.assets.total,Total assets,Selected balance sheet items ($m),2Q23,2023-06-30,2Q,missing,376762.0,,,,,,
UOB,bs.assets.total,Total assets,Selected balance sheet items ($m),1H23,2023-06-30,1H,missing,505563.0,,,,,,
UOB,bs.assets.total,Total assets,Selected balance sheet items ($m),3Q23,2023-09-30,3Q,missing,381611.0,,,,,,
UOB,bs.assets.total,Total assets,Selected balance sheet items ($m),2H23,2023-12-31,2H,missing,523520.0,,,,,,
UOB,bs.assets.total,Total assets,Selected balance sheet items ($m),FY23,2023-12-31,FY,missing,523520.0,,,,,,
UOB,bs.assets.total,Total assets,Selected balance sheet items ($m),1Q24,2024-03-31,1Q,match,515340.0,515340.0,0.0,S$m,span,UOB_1Q25_performance-highlights,Total assets
UOB,bs.assets.total,Total assets,Selected balance sheet items ($m),2Q24,2024-06-30,2Q,missing,516743.0,,,,,,
UOB,bs.assets.total,Total assets,Selected balance sheet items ($m),1H24,2024-06-30,1H,missing,516743.0,,,,,,
UOB,bs.assets.total,Total assets,Selected balance sheet items ($m),3Q24,2024-09-30,3Q,match,541885.0,541885.0,0.0,S$m,span,UOB_3Q25_Performance_Highlights,Total assets
UOB,bs.assets.total,Total assets,Selected balance sheet items ($m),2H24,2024-12-31,2H,match,537664.0,537664.0,0.0,S$m,span,UOB_4Q25_condensed-financial-statements,Total assets
UOB,bs.assets.total,Total assets,Selected balance sheet items ($m),FY24,2024-12-31,FY,match,537664.0,537664.0,0.0,S$m,span,UOB_4Q25_condensed-financial-statements,Total assets
UOB,bs.assets.total,Total assets,Selected balance sheet items ($m),1Q25,2025-03-31,1Q,match,538009.0,538009.0,0.0,S$m,span,UOB_1Q25_performance-highlights,Total assets
UOB,bs.assets.total,Total assets,Selected balance sheet items ($m),2Q25,2025-06-30,2Q,match,537838.0,537838.0,0.0,S$m,span,UOB_3Q25_Performance_Highlights,Total assets
UOB,bs.assets.total,Total assets,Selected balance sheet items ($m),1H25,2025-06-30,1H,match,537838.0,537838.0,0.0,S$m,span,UOB_4Q25_condensed-financial-statements,Total assets
UOB,bs.assets.total,Total assets,Selected balance sheet items ($m),3Q25,2025-09-30,3Q,match,555419.0,555419.0,0.0,S$m,span,UOB_3Q25_Performance_Highlights,Total assets
UOB,bs.assets.total,Total assets,Selected balance sheet items ($m),2H25,2025-12-31,2H,match,572061.0,572061.0,0.0,S$m,span,UOB_4Q25_condensed-financial-statements,Total assets
UOB,bs.assets.total,Total assets,Selected balance sheet items ($m),FY25,2025-12-31,FY,match,572061.0,572061.0,0.0,S$m,span,UOB_4Q25_condensed-financial-statements,Total assets
UOB,bs.equity.shareholders,Shareholders' equity,Selected balance sheet items ($m),1Q23,2023-03-31,1Q,missing,2.14,,,,,,
UOB,bs.equity.shareholders,Shareholders' equity,Selected balance sheet items ($m),2Q23,2023-06-30,2Q,missing,2.12,,,,,,
UOB,bs.equity.shareholders,Shareholders' equity,Selected balance sheet items ($m),1H23,2023-06-30,1H,missing,45689.0,,,,,,
UOB,bs.equity.shareholders,Shareholders' equity,Selected balance sheet items ($m),3Q23,2023-09-30,3Q,missing,2.09,,,,,,
UOB,bs.equity.shareholders,Shareholders' equity,Selected balance sheet items ($m),2H23,2023-12-31,2H,missing,46226.0,,,,,,
UOB,bs.equity.shareholders,Shareholders' equity,Selected balance sheet items ($m),FY23,2023-12-31,FY,missing,46226.0,,,,,,
UOB,bs.equity.shareholders,Shareholders' equity,Selected balance sheet items ($m),1H24,2024-06-30,1H,missing,47343.0,,,,,,
UOB,bs.equity.shareholders,Shareholders' equity,Selected balance sheet items ($m),2H24,2024-12-31,2H,match,49733.0,49733.0,0.0,S$m,span,UOB_4Q25_condensed-financial-statements,Shareholders' equity ¹
UOB,bs.equity.shareholders,Shareholders' equity,Selected balance sheet items ($m),FY24,2024-12-31,FY,match,49733.0,49733.0,0.0,S$m,span,UOB_4Q25_condensed-financial-statements,Shareholders' equity ¹
UOB,bs.equity.shareholders,Shareholders' equity,Selected balance sheet items ($m),1H25,2025-06-30,1H,match,50346.0,50346.0,0.0,S$m,span,UOB_4Q25_condensed-financial-statements,Shareholders' equity ¹
UOB,bs.equity.shareholders,Shareholders' equity,Selected balance sheet items ($m),2H25,2025-12-31,2H,match,51248.0,51248.0,0.0,S$m,span,UOB_4Q25_condensed-financial-statements,Shareholders' equity ¹
UOB,bs.equity.shareholders,Shareholders' equity,Selected balance sheet items ($m),FY25,2025-12-31,FY,match,51248.0,51248.0,0.0,S$m,span,UOB_4Q25_condensed-financial-statements,Shareholders' equity ¹
UOB,bs.liabilities.customer_deposits,Customer deposits,Selected balance sheet items ($m),1H23,2023-06-30,1H,missing,376762.0,,,,,,
UOB,bs.liabilities.customer_deposits,Customer deposits,Selected balance sheet items ($m),2H23,2023-12-31,2H,missing,385469.0,,,,,,
UOB,bs.liabilities.customer_deposits,Customer deposits,Selected balance sheet items ($m),FY23,2023-12-31,FY,missing,385469.0,,,,,,
UOB,bs.liabilities.customer_deposits,Customer deposits,Selected balance sheet items ($m),2Q24,2024-06-30,2Q,missing,47343.0,,,,,,
UOB,bs.liabilities.customer_deposits,Customer deposits,Selected balance sheet items ($m),1H24,2024-06-30,1H,missing,389157.0,,,,,,
UOB,bs.liabilities.customer_deposits,Customer deposits,Selected balance sheet items ($m),2H24,2024-12-31,2H,match,403978.0,403978.0,0.0,S$m,span,UOB_4Q25_condensed-financial-statements,Customer deposits
UOB,bs.liabilities.customer_deposits,Customer deposits,Selected balance sheet items ($m),FY24,2024-12-31,FY,match,403978.0,403978.0,0.0,S$m,span,UOB_4Q25_condensed-financial-statements,Customer deposits
UOB,bs.liabilities.customer_deposits,Customer deposits,Selected balance sheet items ($m),1H25,2025-06-30,1H,match,405076.0,405076.0,0.0,S$m,span,UOB_4Q25_condensed-financial-statements,Customer deposits
UOB,bs.liabilities.customer_deposits,Customer deposits,Selected balance sheet items ($m),2H25,2025-12-31,2H,match,425938.0,425938.0,0.0,S$m,span,UOB_4Q25_condensed-financial-statements,Customer deposits
UOB,bs.liabilities.customer_deposits,Customer deposits,Selected balance sheet items ($m),FY25,2025-12-31,FY,match,425938.0,425938.0,0.0,S$m,span,UOB_4Q25_condensed-financial-statements,Customer deposits
UOB,bs.nav_per_share,Net asset value per share,Per share (S$),1H23,2023-06-30,1H,missing,25.11,,,,,,
UOB,bs.nav_per_share,Net asset value per share,Per share (S$),2H23,2023-12-31,2H,missing,26.0,,,,,,
UOB,bs.nav_per_share,Net asset value per share,Per share (S$),FY23,2023-12-31,FY,missing,26.0,,,,,,
UOB,bs.nav_per_share,Net asset value per share,Per share (S$),1H24,2024-06-30,1H,missing,26.64,,,,,,
UOB,bs.nav_per_share,Net asset value per share,Per share (S$),2H24,2024-12-31,2H,match,28.11,28.11,0.0,per_share,span,UOB_4Q25_condensed-financial-statements,"Net asset value (""NAV"") per ordinary share ($) 7"
UOB,bs.nav_per_share,Net asset value per share,Per share (S$),FY24,2024-12-31,FY,match,28.11,28.11,0.0,per_share,span,UOB_4Q25_condensed-financial-statements,"Net asset value (""NAV"") per ordinary share ($) 7"
UOB,bs.nav_per_share,Net asset value per share,Per share (S$),1H25,2025-06-30,1H,match,28.62,28.62,0.0,per_share,span,UOB_4Q25_condensed-financial-statements,"Net asset value (""NAV"") per ordinary share ($) 7"
UOB,bs.nav_per_share,Net asset value per share,Per share (S$),2H25,2025-12-31,2H,match,29.36,29.36,0.0,per_share,span,UOB_4Q25_condensed-financial-statements,"Net asset value (""NAV"") per ordinary share ($) 7"
UOB,bs.nav_per_share,Net asset value per share,Per share (S$),FY25,2025-12-31,FY,match,29.36,29.36,0.0,per_share,span,UOB_4Q25_condensed-financial-statements,"Net asset value (""NAV"") per ordinary share ($) 7"
UOB,pnl.associates,Share of profits/losses of associates and JVs,Selected income statement items ($m),1Q23,2023-03-31,1Q,missing,25.0,,,,,,
UOB,pnl.associates,Share of profits/losses of associates and JVs,Selected income statement items ($m),2Q23,2023-06-30,2Q,missing,26.0,,,,,,
UOB,pnl.associates,Share of profits/losses of associates and JVs,Selected income statement items ($m),1H23,2023-06-30,1H,missing,51.0,,,,,,
UOB,pnl.associates,Share of profits/losses of associates and JVs,Selected income statement items ($m),3Q23,2023-09-30,3Q,missing,20.0,,,,,,
UOB,pnl.associates,Share of profits/losses of associates and JVs,Selected income statement items ($m),2H23,2023-12-31,2H,missing,42.0,,,,,,
UOB,pnl.associates,Share of profits/losses of associates and JVs,Selected income statement items ($m),FY23,2023-12-31,FY,missing,93.0,,,,,,
UOB,pnl.associates,Share of profits/losses of associates and JVs,Selected income statement items ($m),1Q24,2024-03-31,1Q,match,26.0,26.0,0.0,S$m,span,UOB_1Q25_performance-highlights,Add: Share of profit of associates and joint ventures
UOB,pnl.associates,Share of profits/losses of associates and JVs,Selected income statement items ($m),2Q24,2024-06-30,2Q,missing,31.0,,,,,,
UOB,pnl.associates,Share of profits/losses of associates and JVs,Selected income statement items ($m),1H24,2024-06-30,1H,missing,56.0,,,,,,
UOB,pnl.associates,Share of profits/losses of associates and JVs,Selected income statement items ($m),3Q24,2024-09-30,3Q,match,25.0,25.0,0.0,S$m,span,UOB_3Q25_Performance_Highlights,Add: Share of profit of associates and joint ventures
UOB,pnl.associates,Share of profits/losses of associates and JVs,Selected income statement items ($m),2H24,2024-12-31,2H,match,65.0,65.0,0.0,S$m,span,UOB_4Q25_condensed-financial-statements,Add: Share of profit of associates and joint ventures
UOB,pnl.associates,Share of profits/losses of associates and JVs,Selected income statement items ($m),FY24,2024-12-31,FY,match,121.0,121.0,0.0,S$m,span,UOB_4Q25_condensed-financial-statements,Add: Share of profit of associates and joint ventures
UOB,pnl.associates,Share of profits/losses of associates and JVs,Selected income statement items ($m),1Q25,2025-03-31,1Q,match,22.0,22.0,0.0,S$m,span,UOB_1Q25_performance-highlights,Add: Share of profit of associates and joint ventures
UOB,pnl.associates,Share of profits/losses of associates and JVs,Selected income statement items ($m),2Q25,2025-06-30,2Q,match,-3.0,-3.0,0.0,S$m,span,UOB_3Q25_Performance_Highlights,Add: Share of profit of associates and joint ventures
UOB,pnl.associates,Share of profits/losses of associates and JVs,Selected income statement items ($m),1H25,2025-06-30,1H,match,19.0,19.0,0.0,S$m,span,UOB_4Q25_condensed-financial-statements,Add: Share of profit of associates and joint ventures
UOB,pnl.associates,Share of profits/losses of associates and JVs,Selected income statement items ($m),3Q25,2025-09-30,3Q,match,25.0,25.0,0.0,S$m,span,UOB_3Q25_Performance_Highlights,Add: Share of profit of associates and joint ventures
UOB,pnl.associates,Share of profits/losses of associates and JVs,Selected income statement items ($m),2H25,2025-12-31,2H,match,60.0,60.0,0.0,S$m,span,UOB_4Q25_condensed-financial-statements,Add: Share of profit of associates and joint ventures
UOB,pnl.associates,Share of profits/losses of associates and JVs,Selected income statement items ($m),FY25,2025-12-31,FY,match,79.0,79.0,0.0,S$m,span,UOB_4Q25_condensed-financial-statements,Add: Share of profit of associates and joint ventures
UOB,pnl.eps.basic,Basic earnings per share,Per share (S$),1H23,2023-06-30,1H,missing,3.42,,,,,,
UOB,pnl.eps.basic,Basic earnings per share,Per share (S$),2H23,2023-12-31,2H,missing,3.26,,,,,,
UOB,pnl.eps.basic,Basic earnings per share,Per share (S$),FY23,2023-12-31,FY,missing,3.34,,,,,,
UOB,pnl.eps.basic,Basic earnings per share,Per share (S$),2Q24,2024-06-30,2Q,missing,3.33,,,,,,
UOB,pnl.eps.basic,Basic earnings per share,Per share (S$),1H24,2024-06-30,1H,missing,3.42,,,,,,
UOB,pnl.eps.basic,Basic earnings per share,Per share (S$),3Q24,2024-09-30,3Q,match,3.78,3.79,0.01,per_share,span,UOB_3Q25_Performance_Highlights,Basic
UOB,pnl.eps.basic,Basic earnings per share,Per share (S$),2H24,2024-12-31,2H,match,3.69,3.69,0.0,per_share,span,UOB_4Q25_condensed-financial-statements,Basic
UOB,pnl.eps.basic,Basic earnings per share,Per share (S$),FY24,2024-12-31,FY,match,3.56,3.56,0.0,per_share,span,UOB_4Q25_condensed-financial-statements,Basic
UOB,pnl.eps.basic,Basic earnings per share,Per share (S$),2Q25,2025-06-30,2Q,match,3.14,3.15,0.01,per_share,span,UOB_3Q25_Performance_Highlights,Basic
UOB,pnl.eps.basic,Basic earnings per share,Per share (S$),1H25,2025-06-30,1H,match,3.33,3.33,0.0,per_share,span,UOB_4Q25_condensed-financial-statements,Basic
UOB,pnl.eps.basic,Basic earnings per share,Per share (S$),3Q25,2025-09-30,3Q,match,1.01,1.01,0.0,per_share,span,UOB_3Q25_Performance_Highlights,Basic
UOB,pnl.eps.basic,Basic earnings per share,Per share (S$),2H25,2025-12-31,2H,match,2.18,2.18,0.0,per_share,span,UOB_4Q25_condensed-financial-statements,Basic
UOB,pnl.eps.basic,Basic earnings per share,Per share (S$),FY25,2025-12-31,FY,match,2.76,2.76,0.0,per_share,span,UOB_4Q25_condensed-financial-statements,Basic
UOB,pnl.eps.diluted,Diluted earnings per share,Per share (S$),1H23,2023-06-30,1H,missing,3.41,,,,,,
UOB,pnl.eps.diluted,Diluted earnings per share,Per share (S$),2H23,2023-12-31,2H,missing,3.25,,,,,,
UOB,pnl.eps.diluted,Diluted earnings per share,Per share (S$),FY23,2023-12-31,FY,missing,3.33,,,,,,
UOB,pnl.eps.diluted,Diluted earnings per share,Per share (S$),2Q24,2024-06-30,2Q,missing,26.64,,,,,,
UOB,pnl.eps.diluted,Diluted earnings per share,Per share (S$),1H24,2024-06-30,1H,missing,3.41,,,,,,
UOB,pnl.eps.diluted,Diluted earnings per share,Per share (S$),2H24,2024-12-31,2H,match,3.67,3.67,0.0,per_share,span,UOB_4Q25_condensed-financial-statements,Diluted
UOB,pnl.eps.diluted,Diluted earnings per share,Per share (S$),FY24,2024-12-31,FY,match,3.54,3.54,0.0,per_share,span,UOB_4Q25_condensed-financial-statements,Diluted
UOB,pnl.eps.diluted,Diluted earnings per share,Per share (S$),1H25,2025-06-30,1H,match,3.32,3.32,0.0,per_share,span,UOB_4Q25_condensed-financial-statements,Diluted
UOB,pnl.eps.diluted,Diluted earnings per share,Per share (S$),2H25,2025-12-31,2H,match,2.17,2.17,0.0,per_share,span,UOB_4Q25_condensed-financial-statements,Diluted
UOB,pnl.eps.diluted,Diluted earnings per share,Per share (S$),FY25,2025-12-31,FY,match,2.75,2.75,0.0,per_share,span,UOB_4Q25_condensed-financial-statements,Diluted
UOB,pnl.income.total,Total income,Selected income statement items ($m),1Q23,2023-03-31,1Q,missing,3524.0,,,,,,
UOB,pnl.income.total,Total income,Selected income statement items ($m),2Q23,2023-06-30,2Q,missing,3542.0,,,,,,
UOB,pnl.income.total,Total income,Selected income statement items ($m),1H23,2023-06-30,1H,missing,7065.0,,,,,,
UOB,pnl.income.total,Total income,Selected income statement items ($m),3Q23,2023-09-30,3Q,missing,3457.0,,,,,,
UOB,pnl.income.total,Total income,Selected income statement items ($m),2H23,2023-12-31,2H,missing,6867.0,,,,,,
UOB,pnl.income.total,Total income,Selected income statement items ($m),FY23,2023-12-31,FY,missing,13932.0,,,,,,
UOB,pnl.income.total,Total income,Selected income statement items ($m),1Q24,2024-03-31,1Q,match,3523.0,3523.0,0.0,S$m,span,UOB_1Q25_performance-highlights,Total income
UOB,pnl.income.total,Total income,Selected income statement items ($m),2Q24,2024-06-30,2Q,missing,3476.0,,,,,,
UOB,pnl.income.total,Total income,Selected income statement items ($m),1H24,2024-06-30,1H,missing,6998.0,,,,,,
UOB,pnl.income.total,Total income,Selected income statement items ($m),3Q24,2024-09-30,3Q,match,3834.0,3834.0,0.0,S$m,span,UOB_3Q25_Performance_Highlights,Total income
UOB,pnl.income.total,Total income,Selected income statement items ($m),2H24,2024-12-31,2H,match,7295.0,7295.0,0.0,S$m,span,UOB_4Q25_condensed-financial-statements,Total income
UOB,pnl.income.total,Total income,Selected income statement items ($m),FY24,2024-12-31,FY,match,14294.0,14294.0,0.0,S$m,span,UOB_4Q25_condensed-financial-statements,Total income
UOB,pnl.income.total,Total income,Selected income statement items ($m),1Q25,2025-03-31,1Q,match,3657.0,3657.0,0.0,S$m,span,UOB_1Q25_performance-highlights,Total income
UOB,pnl.income.total,Total income,Selected income statement items ($m),2Q25,2025-06-30,2Q,match,3465.0,3465.0,0.0,S$m,span,UOB_3Q25_Performance_Highlights,Total income
UOB,pnl.income.total,Total income,Selected income statement items ($m),1H25,2025-06-30,1H,match,7121.0,7121.0,0.0,S$m,span,UOB_4Q25_condensed-financial-statements,Total income
UOB,pnl.income.total,Total income,Selected income statement items ($m),3Q25,2025-09-30,3Q,match,3398.0,3398.0,0.0,S$m,span,UOB_3Q25_Performance_Highlights,Total income
UOB,pnl.income.total,Total income,Selected income statement items ($m),2H25,2025-12-31,2H,match,6687.0,6687.0,0.0,S$m,span,UOB_4Q25_condensed-financial-statements,Total income
UOB,pnl.income.total,Total income,Selected income statement items ($m),FY25,2025-12-31,FY,match,13808.0,13808.0,0.0,S$m,span,UOB_4Q25_condensed-financial-statements,Total income
UOB,pnl.nii.net,Net interest income,Selected income statement items ($m),1Q23,2023-03-31,1Q,missing,2409.0,,,,,,
UOB,pnl.nii.net,Net interest income,Selected income statement items ($m),2Q23,2023-06-30,2Q,missing,2437.0,,,,,,
UOB,pnl.nii.net,Net interest income,Selected income statement items ($m),1H23,2023-06-30,1H,missing,4846.0,,,,,,
UOB,pnl.nii.net,Net interest income,Selected income statement items ($m),3Q23,2023-09-30,3Q,missing,2429.0,,,,,,
UOB,pnl.nii.net,Net interest income,Selected income statement items ($m),2H23,2023-12-31,2H,missing,4833.0,,,,,,
UOB,pnl.nii.net,Net interest income,Selected income statement items ($m),FY23,2023-12-31,FY,missing,9679.0,,,,,,
UOB,pnl.nii.net,Net interest income,Selected income statement items ($m),1Q24,2024-03-31,1Q,match,2362.0,2362.0,0.0,S$m,span,UOB_1Q25_performance-highlights,Net interest income
UOB,pnl.nii.net,Net interest income,Selected income statement items ($m),2Q24,2024-06-30,2Q,missing,2401.0,,,,,,
UOB,pnl.nii.net,Net interest income,Selected income statement items ($m),1H24,2024-06-30,1H,missing,4763.0,,,,,,
UOB,pnl.nii.net,Net interest income,Selected income statement items ($m),3Q24,2024-09-30,3Q,match,2460.0,2460.0,0.0,S$m,span,UOB_3Q25_Performance_Highlights,Net interest income
UOB,pnl.nii.net,Net interest income,Selected income statement items ($m),2H24,2024-12-31,2H,match,4911.0,4911.0,0.0,S$m,span,UOB_4Q25_condensed-financial-statements,Net interest income
UOB,pnl.nii.net,Net interest income,Selected income statement items ($m),FY24,2024-12-31,FY,match,9674.0,9674.0,0.0,S$m,span,UOB_4Q25_condensed-financial-statements,Net interest income
UOB,pnl.nii.net,Net interest income,Selected income statement items ($m),1Q25,2025-03-31,1Q,match,2409.0,2409.0,0.0,S$m,span,UOB_1Q25_performance-highlights,Net interest income
UOB,pnl.nii.net,Net interest income,Selected income statement items ($m),2Q25,2025-06-30,2Q,match,2336.0,2336.0,0.0,S$m,span,UOB_3Q25_Performance_Highlights,Net interest income
UOB,pnl.nii.net,Net interest income,Selected income statement items ($m),1H25,2025-06-30,1H,match,4745.0,4745.0,0.0,S$m,span,UOB_4Q25_condensed-financial-statements,Net interest income
UOB,pnl.nii.net,Net interest income,Selected income statement items ($m),3Q25,2025-09-30,3Q,match,2265.0,2265.0,0.0,S$m,span,UOB_3Q25_Performance_Highlights,Net interest income
UOB,pnl.nii.net,Net interest income,Selected income statement items ($m),2H25,2025-12-31,2H,match,4611.0,4611.0,0.0,S$m,span,UOB_4Q25_condensed-financial-statements,Net interest income
UOB,pnl.nii.net,Net interest income,Selected income statement items ($m),FY25,2025-12-31,FY,match,9355.0,9355.0,0.0,S$m,span,UOB_4Q25_condensed-financial-statements,Net interest income
UOB,pnl.noninterest.fee_commission,Net fee and commission income,Selected income statement items ($m),1Q23,2023-03-31,1Q,missing,552.0,,,,,,
UOB,pnl.noninterest.fee_commission,Net fee and commission income,Selected income statement items ($m),2Q23,2023-06-30,2Q,missing,524.0,,,,,,
UOB,pnl.noninterest.fee_commission,Net fee and commission income,Selected income statement items ($m),1H23,2023-06-30,1H,missing,1075.0,,,,,,
UOB,pnl.noninterest.fee_commission,Net fee and commission income,Selected income statement items ($m),3Q23,2023-09-30,3Q,missing,591.0,,,,,,
UOB,pnl.noninterest.fee_commission,Net fee and commission income,Selected income statement items ($m),2H23,2023-12-31,2H,missing,1159.0,,,,,,
UOB,pnl.noninterest.fee_commission,Net fee and commission income,Selected income statement items ($m),FY23,2023-12-31,FY,missing,2235.0,,,,,,
UOB,pnl.noninterest.fee_commission,Net fee and commission income,Selected income statement items ($m),1Q24,2024-03-31,1Q,match,580.0,580.0,0.0,S$m,span,UOB_1Q25_performance-highlights,Net fee income
UOB,pnl.noninterest.fee_commission,Net fee and commission income,Selected income statement items ($m),2Q24,2024-06-30,2Q,missing,618.0,,,,,,
UOB,pnl.noninterest.fee_commission,Net fee and commission income,Selected income statement items ($m),1H24,2024-06-30,1H,missing,1198.0,,,,,,
UOB,pnl.noninterest.fee_commission,Net fee and commission income,Selected income statement items ($m),3Q24,2024-09-30,3Q,match,630.0,630.0,0.0,S$m,span,UOB_3Q25_Performance_Highlights,Net fee income
UOB,pnl.noninterest.fee_commission,Net fee and commission income,Selected income statement items ($m),2H24,2024-12-31,2H,match,1197.0,1197.0,0.0,S$m,span,UOB_4Q25_condensed-financial-statements,Net fee and commission income
UOB,pnl.noninterest.fee_commission,Net fee and commission income,Selected income statement items ($m),FY24,2024-12-31,FY,match,2395.0,2395.0,0.0,S$m,span,UOB_4Q25_condensed-financial-statements,Net fee and commission income
UOB,pnl.noninterest.fee_commission,Net fee and commission income,Selected income statement items ($m),1Q25,2025-03-31,1Q,match,694.0,694.0,0.0,S$m,span,UOB_1Q25_performance-highlights,Net fee income
UOB,pnl.noninterest.fee_commission,Net fee and commission income,Selected income statement items ($m),2Q25,2025-06-30,2Q,match,636.0,636.0,0.0,S$m,span,UOB_3Q25_Performance_Highlights,Net fee income
UOB,pnl.noninterest.fee_commission,Net fee and commission income,Selected income statement items ($m),1H25,2025-06-30,1H,match,1330.0,1330.0,0.0,S$m,span,UOB_4Q25_condensed-financial-statements,Net fee and commission income
UOB,pnl.noninterest.fee_commission,Net fee and commission income,Selected income statement items ($m),3Q25,2025-09-30,3Q,match,615.0,615.0,0.0,S$m,span,UOB_3Q25_Performance_Highlights,Net fee income
UOB,pnl.noninterest.fee_commission,Net fee and commission income,Selected income statement items ($m),2H25,2025-12-31,2H,match,1239.0,1239.0,0.0,S$m,span,UOB_4Q25_condensed-financial-statements,Net fee and commission income
UOB,pnl.noninterest.fee_commission,Net fee and commission income,Selected income statement items ($m),FY25,2025-12-31,FY,match,2569.0,2569.0,0.0,S$m,span,UOB_4Q25_condensed-financial-statements,Net fee and commission income
UOB,pnl.noninterest.other,Other non-interest income,Selected income statement items ($m),1Q23,2023-03-31,1Q,missing,563.0,,,,,,
UOB,pnl.noninterest.other,Other non-interest income,Selected income statement items ($m),2Q23,2023-06-30,2Q,missing,581.0,,,,,,
UOB,pnl.noninterest.other,Other non-interest income,Selected income statement items ($m),1H23,2023-06-30,1H,missing,1144.0,,,,,,
UOB,pnl.noninterest.other,Other non-interest income,Selected income statement items ($m),3Q23,2023-09-30,3Q,missing,436.0,,,,,,
UOB,pnl.noninterest.other,Other non-interest income,Selected income statement items ($m),2H23,2023-12-31,2H,missing,875.0,,,,,,
UOB,pnl.noninterest.other,Other non-interest income,Selected income statement items ($m),FY23,2023-12-31,FY,missing,2018.0,,,,,,
UOB,pnl.noninterest.other,Other non-interest income,Selected income statement items ($m),2Q24,2024-06-30,2Q,missing,457.0,,,,,,
UOB,pnl.noninterest.other,Other non-interest income,Selected income statement items ($m),1H24,2024-06-30,1H,missing,1038.0,,,,,,
UOB,pnl.noninterest.other,Other non-interest income,Selected income statement items ($m),2H24,2024-12-31,2H,match,1187.0,1187.0,0.0,S$m,span,UOB_4Q25_condensed-financial-statements,Other non-interest income
UOB,pnl.noninterest.other,Other non-interest income,Selected income statement items ($m),FY24,2024-12-31,FY,match,2225.0,2225.0,0.0,S$m,span,UOB_4Q25_condensed-financial-statements,Other non-interest income
UOB,pnl.noninterest.other,Other non-interest income,Selected income statement items ($m),1H25,2025-06-30,1H,match,1047.0,1047.0,0.0,S$m,span,UOB_4Q25_condensed-financial-statements,Other non-interest income
UOB,pnl.noninterest.other,Other non-interest income,Selected income statement items ($m),2H25,2025-12-31,2H,match,837.0,837.0,0.0,S$m,span,UOB_4Q25_condensed-financial-statements,Other non-interest income
UOB,pnl.noninterest.other,Other non-interest income,Selected income statement items ($m),FY25,2025-12-31,FY,match,1884.0,1884.0,0.0,S$m,span,UOB_4Q25_condensed-financial-statements,Other non-interest income
UOB,pnl.opex.amortisation_intangibles,Amortisation of intangible assets,Selected income statement items ($m),1Q23,2023-03-31,1Q,missing,5.0,,,,,,
UOB,pnl.opex.amortisation_intangibles,Amortisation of intangible assets,Selected income statement items ($m),2Q23,2023-06-30,2Q,missing,5.0,,,,,,
UOB,pnl.opex.amortisation_intangibles,Amortisation of intangible assets,Selected income statement items ($m),1H23,2023-06-30,1H,missing,10.0,,,,,,
UOB,pnl.opex.amortisation_intangibles,Amortisation of intangible assets,Selected income statement items ($m),3Q23,2023-09-30,3Q,missing,7.0,,,,,,
UOB,pnl.opex.amortisation_intangibles,Amortisation of intangible assets,Selected income statement items ($m),2H23,2023-12-31,2H,missing,14.0,,,,,,
UOB,pnl.opex.amortisation_intangibles,Amortisation of intangible assets,Selected income statement items ($m),FY23,2023-12-31,FY,missing,24.0,,,,,,
UOB,pnl.opex.amortisation_intangibles,Amortisation of intangible assets,Selected income statement items ($m),1Q24,2024-03-31,1Q,match,7.0,7.0,0.0,S$m,span,UOB_1Q25_performance-highlights,Less: Amortisation of intangible assets
UOB,pnl.opex.amortisation_intangibles,Amortisation of intangible assets,Selected income statement items ($m),2Q24,2024-06-30,2Q,missing,7.0,,,,,,
UOB,pnl.opex.amortisation_intangibles,Amortisation of intangible assets,Selected income statement items ($m),1H24,2024-06-30,1H,missing,13.0,,,,,,
UOB,pnl.opex.amortisation_intangibles,Amortisation of intangible assets,Selected income statement items ($m),3Q24,2024-09-30,3Q,match,7.0,7.0,0.0,S$m,span,UOB_3Q25_Performance_Highlights,Less: Amortisation of intangible assets
UOB,pnl.opex.amortisation_intangibles,Amortisation of intangible assets,Selected income statement items ($m),2H24,2024-12-31,2H,match,15.0,15.0,0.0,S$m,span,UOB_4Q25_condensed-financial-statements,Less: Amortisation of intangible assets
UOB,pnl.opex.amortisation_intangibles,Amortisation of intangible assets,Selected income statement items ($m),FY24,2024-12-31,FY,match,28.0,28.0,0.0,S$m,span,UOB_4Q25_condensed-financial-statements,Less: Amortisation of intangible assets
UOB,pnl.opex.amortisation_intangibles,Amortisation of intangible assets,Selected income statement items ($m),1Q25,2025-03-31,1Q,match,7.0,7.0,0.0,S$m,span,UOB_1Q25_performance-highlights,Less: Amortisation of intangible assets
UOB,pnl.opex.amortisation_intangibles,Amortisation of intangible assets,Selected income statement items ($m),2Q25,2025-06-30,2Q,match,9.0,9.0,0.0,S$m,span,UOB_3Q25_Performance_Highlights,Less: Amortisation of intangible assets
UOB,pnl.opex.amortisation_intangibles,Amortisation of intangible assets,Selected income statement items ($m),1H25,2025-06-30,1H,match,16.0,16.0,0.0,S$m,span,UOB_4Q25_condensed-financial-statements,Less: Amortisation of intangible assets
UOB,pnl.opex.amortisation_intangibles,Amortisation of intangible assets,Selected income statement items ($m),3Q25,2025-09-30,3Q,match,7.0,7.0,0.0,S$m,span,UOB_3Q25_Performance_Highlights,Less: Amortisation of intangible assets
UOB,pnl.opex.amortisation_intangibles,Amortisation of intangible assets,Selected income statement items ($m),2H25,2025-12-31,2H,match,14.0,14.0,0.0,S$m,span,UOB_4Q25_condensed-financial-statements,Less: Amortisation of intangible assets
UOB,pnl.opex.amortisation_intangibles,Amortisation of intangible assets,Selected income statement items ($m),FY25,2025-12-31,FY,match,31.0,31.0,0.0,S$m,span,UOB_4Q25_condensed-financial-statements,Less: Amortisation of intangible assets
UOB,pnl.opex.total,Operating expenses,Selected income statement items ($m),1Q23,2023-03-31,1Q,missing,1440.0,,,,,,
UOB,pnl.opex.total,Operating expenses,Selected income statement items ($m),2Q23,2023-06-30,2Q,missing,1448.0,,,,,,
UOB,pnl.opex.total,Operating expenses,Selected income statement items ($m),1H23,2023-06-30,1H,missing,2889.0,,,,,,
UOB,pnl.opex.total,Operating expenses,Selected income statement items ($m),3Q23,2023-09-30,3Q,missing,1416.0,,,,,,
UOB,pnl.opex.total,Operating expenses,Selected income statement items ($m),2H23,2023-12-31,2H,missing,2889.0,,,,,,
UOB,pnl.opex.total,Operating expenses,Selected income statement items ($m),FY23,2023-12-31,FY,missing,5778.0,,,,,,
UOB,pnl.opex.total,Operating expenses,Selected income statement items ($m),2Q24,2024-06-30,2Q,missing,1452.0,,,,,,
UOB,pnl.opex.total,Operating expenses,Selected income statement items ($m),1H24,2024-06-30,1H,missing,2926.0,,,,,,
UOB,pnl.opex.total,Operating expenses,Selected income statement items ($m),3Q24,2024-09-30,3Q,match,1626.0,1626.0,0.0,S$m,span,UOB_3Q25_Performance_Highlights,Less: Total expenses
UOB,pnl.opex.total,Operating expenses,Selected income statement items ($m),2H24,2024-12-31,2H,match,3205.0,3205.0,0.0,S$m,span,UOB_4Q25_condensed-financial-statements,Less: Operating expenses
UOB,pnl.opex.total,Operating expenses,Selected income statement items ($m),FY24,2024-12-31,FY,match,6310.0,6310.0,0.0,S$m,span,UOB_4Q25_condensed-financial-statements,Less: Operating expenses
UOB,pnl.opex.total,Operating expenses,Selected income statement items ($m),1Q25,2025-03-31,1Q,match,1559.0,1559.0,0.0,S$m,span,UOB_1Q25_performance-highlights,Less: Total expenses
UOB,pnl.opex.total,Operating expenses,Selected income statement items ($m),2Q25,2025-06-30,2Q,match,1535.0,1535.0,0.0,S$m,span,UOB_3Q25_Performance_Highlights,Less: Total expenses
UOB,pnl.opex.total,Operating expenses,Selected income statement items ($m),1H25,2025-06-30,1H,match,3095.0,3095.0,0.0,S$m,span,UOB_4Q25_condensed-financial-statements,Less: Operating expenses
UOB,pnl.opex.total,Operating expenses,Selected income statement items ($m),3Q25,2025-09-30,3Q,match,1535.0,1535.0,0.0,S$m,span,UOB_3Q25_Performance_Highlights,Less: Total expenses
UOB,pnl.opex.total,Operating expenses,Selected income statement items ($m),2H25,2025-12-31,2H,match,3062.0,3062.0,0.0,S$m,span,UOB_4Q25_condensed-financial-statements,Less: Operating expenses
UOB,pnl.opex.total,Operating expenses,Selected income statement items ($m),FY25,2025-12-31,FY,match,6157.0,6157.0,0.0,S$m,span,UOB_4Q25_condensed-financial-statements,Less: Operating expenses
UOB,pnl.profit.net_attributable,Net profit,Selected income statement items ($m),1Q23,2023-03-31,1Q,missing,1511.0,,,,,,
UOB,pnl.profit.net_attributable,Net profit,Selected income statement items ($m),2Q23,2023-06-30,2Q,missing,1415.0,,,,,,
UOB,pnl.profit.net_attributable,Net profit,Selected income statement items ($m),1H23,2023-06-30,1H,missing,2925.0,,,,,,
UOB,pnl.profit.net_attributable,Net profit,Selected income statement items ($m),3Q23,2023-09-30,3Q,missing,1382.0,,,,,,
UOB,pnl.profit.net_attributable,Net profit,Selected income statement items ($m),2H23,2023-12-31,2H,missing,2786.0,,,,,,
UOB,pnl.profit.net_attributable,Net profit,Selected income statement items ($m),FY23,2023-12-31,FY,missing,5711.0,,,,,,
UOB,pnl.profit.net_attributable,Net profit,Selected income statement items ($m),1Q24,2024-03-31,1Q,match,1487.0,1487.0,0.0,S$m,span,UOB_1Q25_performance-highlights,Net profit
UOB,pnl.profit.net_attributable,Net profit,Selected income statement items ($m),2Q24,2024-06-30,2Q,missing,1425.0,,,,,,
UOB,pnl.profit.net_attributable,Net profit,Selected income statement items ($m),1H24,2024-06-30,1H,missing,2912.0,,,,,,
UOB,pnl.profit.net_attributable,Net profit,Selected income statement items ($m),3Q24,2024-09-30,3Q,match,1610.0,1610.0,0.0,S$m,span,UOB_3Q25_Performance_Highlights,Net profit
UOB,pnl.profit.net_attributable,Net profit,Selected income statement items ($m),2H24,2024-12-31,2H,match,3133.0,3133.0,0.0,S$m,span,UOB_4Q25_condensed-financial-statements,Net profit ¹
UOB,pnl.profit.net_attributable,Net profit,Selected income statement items ($m),FY24,2024-12-31,FY,match,6045.0,6045.0,0.0,S$m,span,UOB_4Q25_condensed-financial-statements,Net profit ¹
UOB,pnl.profit.net_attributable,Net profit,Selected income statement items ($m),1Q25,2025-03-31,1Q,match,1490.0,1490.0,0.0,S$m,span,UOB_1Q25_performance-highlights,Net profit
UOB,pnl.profit.net_attributable,Net profit,Selected income statement items ($m),2Q25,2025-06-30,2Q,match,1338.0,1338.0,0.0,S$m,span,UOB_3Q25_Performance_Highlights,Net profit
UOB,pnl.profit.net_attributable,Net profit,Selected income statement items ($m),1H25,2025-06-30,1H,match,2828.0,2828.0,0.0,S$m,span,UOB_4Q25_condensed-financial-statements,Net profit ¹
UOB,pnl.profit.net_attributable,Net profit,Selected income statement items ($m),3Q25,2025-09-30,3Q,match,443.0,443.0,0.0,S$m,span,UOB_3Q25_Performance_Highlights,Net profit
UOB,pnl.profit.net_attributable,Net profit,Selected income statement items ($m),2H25,2025-12-31,2H,match,1853.0,1853.0,0.0,S$m,span,UOB_4Q25_condensed-financial-statements,Net profit ¹
UOB,pnl.profit.net_attributable,Net profit,Selected income statement items ($m),FY25,2025-12-31,FY,match,4682.0,4682.0,0.0,S$m,span,UOB_4Q25_condensed-financial-statements,Net profit ¹
UOB,pnl.profit.operating,Operating profit,Selected income statement items ($m),1Q23,2023-03-31,1Q,missing,2083.0,,,,,,
UOB,pnl.profit.operating,Operating profit,Selected income statement items ($m),2Q23,2023-06-30,2Q,missing,2093.0,,,,,,
UOB,pnl.profit.operating,Operating profit,Selected income statement items ($m),1H23,2023-06-30,1H,missing,4177.0,,,,,,
UOB,pnl.profit.operating,Operating profit,Selected income statement items ($m),3Q23,2023-09-30,3Q,missing,2041.0,,,,,,
UOB,pnl.profit.operating,Operating profit,Selected income statement items ($m),2H23,2023-12-31,2H,missing,3978.0,,,,,,
UOB,pnl.profit.operating,Operating profit,Selected income statement items ($m),FY23,2023-12-31,FY,missing,8154.0,,,,,,
UOB,pnl.profit.operating,Operating profit,Selected income statement items ($m),2Q24,2024-06-30,2Q,missing,2024.0,,,,,,
UOB,pnl.profit.operating,Operating profit,Selected income statement items ($m),1H24,2024-06-30,1H,missing,4072.0,,,,,,
UOB,pnl.profit.operating,Operating profit,Selected income statement items ($m),3Q24,2024-09-30,3Q,match,2208.0,2208.0,0.0,S$m,span,UOB_3Q25_Performance_Highlights,Operating profit
UOB,pnl.profit.operating,Operating profit,Selected income statement items ($m),2H24,2024-12-31,2H,match,4090.0,4090.0,0.0,S$m,span,UOB_4Q25_condensed-financial-statements,Operating profit
UOB,pnl.profit.operating,Operating profit,Selected income statement items ($m),FY24,2024-12-31,FY,match,7984.0,7984.0,0.0,S$m,span,UOB_4Q25_condensed-financial-statements,Operating profit
UOB,pnl.profit.operating,Operating profit,Selected income statement items ($m),1Q25,2025-03-31,1Q,match,2097.0,2097.0,0.0,S$m,span,UOB_1Q25_performance-highlights,Operating profit
UOB,pnl.profit.operating,Operating profit,Selected income statement items ($m),2Q25,2025-06-30,2Q,match,1929.0,1929.0,0.0,S$m,span,UOB_3Q25_Performance_Highlights,Operating profit
UOB,pnl.profit.operating,Operating profit,Selected income statement items ($m),1H25,2025-06-30,1H,match,4027.0,4027.0,0.0,S$m,span,UOB_4Q25_condensed-financial-statements,Operating profit
UOB,pnl.profit.operating,Operating profit,Selected income statement items ($m),3Q25,2025-09-30,3Q,match,1863.0,1863.0,0.0,S$m,span,UOB_3Q25_Performance_Highlights,Operating profit
UOB,pnl.profit.operating,Operating profit,Selected income statement items ($m),2H25,2025-12-31,2H,match,3625.0,3625.0,0.0,S$m,span,UOB_4Q25_condensed-financial-statements,Operating profit
UOB,pnl.profit.operating,Operating profit,Selected income statement items ($m),FY25,2025-12-31,FY,match,7651.0,7651.0,0.0,S$m,span,UOB_4Q25_condensed-financial-statements,Operating profit
UOB,pnl.profit.pretax,Profit before tax,Selected income statement items ($m),1Q23,2023-03-31,1Q,missing,1935.0,,,,,,
UOB,pnl.profit.pretax,Profit before tax,Selected income statement items ($m),2Q23,2023-06-30,2Q,missing,1749.0,,,,,,
UOB,pnl.profit.pretax,Profit before tax,Selected income statement items ($m),1H23,2023-06-30,1H,missing,3684.0,,,,,,
UOB,pnl.profit.pretax,Profit before tax,Selected income statement items ($m),3Q23,2023-09-30,3Q,missing,1818.0,,,,,,
UOB,pnl.profit.pretax,Profit before tax,Selected income statement items ($m),2H23,2023-12-31,2H,missing,3619.0,,,,,,
UOB,pnl.profit.pretax,Profit before tax,Selected income statement items ($m),FY23,2023-12-31,FY,missing,7303.0,,,,,,
UOB,pnl.profit.pretax,Profit before tax,Selected income statement items ($m),2Q24,2024-06-30,2Q,missing,1816.0,,,,,,
UOB,pnl.profit.pretax,Profit before tax,Selected income statement items ($m),1H24,2024-06-30,1H,missing,3720.0,,,,,,
UOB,pnl.profit.pretax,Profit before tax,Selected income statement items ($m),3Q24,2024-09-30,3Q,match,1923.0,1923.0,0.0,S$m,span,UOB_3Q25_Performance_Highlights,Net profit before tax
UOB,pnl.profit.pretax,Profit before tax,Selected income statement items ($m),2H24,2024-12-31,2H,match,3609.0,3609.0,0.0,S$m,span,UOB_4Q25_condensed-financial-statements,Net profit before tax
UOB,pnl.profit.pretax,Profit before tax,Selected income statement items ($m),FY24,2024-12-31,FY,match,7151.0,7151.0,0.0,S$m,span,UOB_4Q25_condensed-financial-statements,Net profit before tax
UOB,pnl.profit.pretax,Profit before tax,Selected income statement items ($m),1Q25,2025-03-31,1Q,match,1822.0,1822.0,0.0,S$m,span,UOB_1Q25_performance-highlights,Net profit before tax
UOB,pnl.profit.pretax,Profit before tax,Selected income statement items ($m),2Q25,2025-06-30,2Q,match,1638.0,1638.0,0.0,S$m,span,UOB_3Q25_Performance_Highlights,Net profit before tax
UOB,pnl.profit.pretax,Profit before tax,Selected income statement items ($m),1H25,2025-06-30,1H,match,3460.0,3460.0,0.0,S$m,span,UOB_4Q25_condensed-financial-statements,Net profit before tax
UOB,pnl.profit.pretax,Profit before tax,Selected income statement items ($m),3Q25,2025-09-30,3Q,match,520.0,520.0,0.0,S$m,span,UOB_3Q25_Performance_Highlights,Net profit before tax
UOB,pnl.profit.pretax,Profit before tax,Selected income statement items ($m),2H25,2025-12-31,2H,match,2196.0,2196.0,0.0,S$m,span,UOB_4Q25_condensed-financial-statements,Net profit before tax
UOB,pnl.profit.pretax,Profit before tax,Selected income statement items ($m),FY25,2025-12-31,FY,match,5657.0,5657.0,0.0,S$m,span,UOB_4Q25_condensed-financial-statements,Net profit before tax
UOB,pnl.provisions.total,Allowances for credit and other losses,Selected income statement items ($m),1Q23,2023-03-31,1Q,missing,169.0,,,,,,
UOB,pnl.provisions.total,Allowances for credit and other losses,Selected income statement items ($m),2Q23,2023-06-30,2Q,missing,365.0,,,,,,
UOB,pnl.provisions.total,Allowances for credit and other losses,Selected income statement items ($m),1H23,2023-06-30,1H,missing,534.0,,,,,,
UOB,pnl.provisions.total,Allowances for credit and other losses,Selected income statement items ($m),3Q23,2023-09-30,3Q,missing,235.0,,,,,,
UOB,pnl.provisions.total,Allowances for credit and other losses,Selected income statement items ($m),2H23,2023-12-31,2H,missing,387.0,,,,,,
UOB,pnl.provisions.total,Allowances for credit and other losses,Selected income statement items ($m),FY23,2023-12-31,FY,missing,921.0,,,,,,
UOB,pnl.provisions.total,Allowances for credit and other losses,Selected income statement items ($m),1Q24,2024-03-31,1Q,match,163.0,163.0,0.0,S$m,span,UOB_1Q25_performance-highlights,Allowance for credit and other losses
UOB,pnl.provisions.total,Allowances for credit and other losses,Selected income statement items ($m),2Q24,2024-06-30,2Q,missing,232.0,,,,,,
UOB,pnl.provisions.total,Allowances for credit and other losses,Selected income statement items ($m),1H24,2024-06-30,1H,missing,395.0,,,,,,
UOB,pnl.provisions.total,Allowances for credit and other losses,Selected income statement items ($m),3Q24,2024-09-30,3Q,match,304.0,304.0,0.0,S$m,span,UOB_3Q25_Performance_Highlights,Allowance for credit and other losses
UOB,pnl.provisions.total,Allowances for credit and other losses,Selected income statement items ($m),2H24,2024-12-31,2H,match,531.0,531.0,0.0,S$m,span,UOB_4Q25_condensed-financial-statements,Allowance for credit and other losses
UOB,pnl.provisions.total,Allowances for credit and other losses,Selected income statement items ($m),FY24,2024-12-31,FY,match,926.0,926.0,0.0,S$m,span,UOB_4Q25_condensed-financial-statements,Allowance for credit and other losses
UOB,pnl.provisions.total,Allowances for credit and other losses,Selected income statement items ($m),1Q25,2025-03-31,1Q,match,290.0,290.0,0.0,S$m,span,UOB_1Q25_performance-highlights,Allowance for credit and other losses
UOB,pnl.provisions.total,Allowances for credit and other losses,Selected income statement items ($m),2Q25,2025-06-30,2Q,match,279.0,279.0,0.0,S$m,span,UOB_3Q25_Performance_Highlights,Allowance for credit and other losses
UOB,pnl.provisions.total,Allowances for credit and other losses,Selected income statement items ($m),1H25,2025-06-30,1H,match,569.0,569.0,0.0,S$m,span,UOB_4Q25_condensed-financial-statements,Allowance for credit and other losses
UOB,pnl.provisions.total,Allowances for credit and other losses,Selected income statement items ($m),3Q25,2025-09-30,3Q,match,1361.0,1361.0,0.0,S$m,span,UOB_3Q25_Performance_Highlights,Allowance for credit and other losses
UOB,pnl.provisions.total,Allowances for credit and other losses,Selected income statement items ($m),2H25,2025-12-31,2H,match,1474.0,1474.0,0.0,S$m,span,UOB_4Q25_condensed-financial-statements,Allowance for credit and other losses
UOB,pnl.provisions.total,Allowances for credit and other losses,Selected income statement items ($m),FY25,2025-12-31,FY,match,2042.0,2042.0,0.0,S$m,span,UOB_4Q25_condensed-financial-statements,Allowance for credit and other losses
UOB,ratio.cir,Cost/income ratio,Key financial ratios (%),1Q23,2023-03-31,1Q,missing,1.6,,,,,,
UOB,ratio.cir,Cost/income ratio,Key financial ratios (%),2Q23,2023-06-30,2Q,missing,1.6,,,,,,
UOB,ratio.cir,Cost/income ratio,Key financial ratios (%),1H23,2023-06-30,1H,missing,40.9,,,,,,
UOB,ratio.cir,Cost/income ratio,Key financial ratios (%),3Q23,2023-09-30,3Q,missing,1.6,,,,,,
UOB,ratio.cir,Cost/income ratio,Key financial ratios (%),2H23,2023-12-31,2H,missing,42.1,,,,,,
UOB,ratio.cir,Cost/income ratio,Key financial ratios (%),FY23,2023-12-31,FY,missing,41.5,,,,,,
UOB,ratio.cir,Cost/income ratio,Key financial ratios (%),2Q24,2024-06-30,2Q,missing,1.16,,,,,,
UOB,ratio.cir,Cost/income ratio,Key financial ratios (%),1H24,2024-06-30,1H,missing,41.8,,,,,,
UOB,ratio.cir,Cost/income ratio,Key financial ratios (%),2H24,2024-12-31,2H,match,43.9,43.9,0.0,%,span,UOB_4Q25_condensed-financial-statements,Cost/Income ratio
UOB,ratio.cir,Cost/income ratio,Key financial ratios (%),FY24,2024-12-31,FY,match,44.1,44.1,0.0,%,span,UOB_4Q25_condensed-financial-statements,Cost/Income ratio
UOB,ratio.cir,Cost/income ratio,Key financial ratios (%),1H25,2025-06-30,1H,match,43.5,43.5,0.0,%,span,UOB_4Q25_condensed-financial-statements,Cost/Income ratio
UOB,ratio.cir,Cost/income ratio,Key financial ratios (%),2H25,2025-12-31,2H,match,45.8,45.8,0.0,%,span,UOB_4Q25_condensed-financial-statements,Cost/Income ratio
UOB,ratio.cir,Cost/income ratio,Key financial ratios (%),FY25,2025-12-31,FY,match,44.6,44.6,0.0,%,span,UOB_4Q25_condensed-financial-statements,Cost/Income ratio
UOB,ratio.nim,Net interest margin,Key financial ratios (%),1Q23,2023-03-31,1Q,missing,14.9,,,,,,
UOB,ratio.nim,Net interest margin,Key financial ratios (%),2Q23,2023-06-30,2Q,missing,14.1,,,,,,
UOB,ratio.nim,Net interest margin,Key financial ratios (%),1H23,2023-06-30,1H,missing,2.13,,,,,,
UOB,ratio.nim,Net interest margin,Key financial ratios (%),3Q23,2023-09-30,3Q,missing,13.9,,,,,,
UOB,ratio.nim,Net interest margin,Key financial ratios (%),2H23,2023-12-31,2H,missing,2.05,,,,,,
UOB,ratio.nim,Net interest margin,Key financial ratios (%),FY23,2023-12-31,FY,missing,2.09,,,,,,
UOB,ratio.nim,Net interest margin,Key financial ratios (%),2Q24,2024-06-30,2Q,missing,41.8,,,,,,
UOB,ratio.nim,Net interest margin,Key financial ratios (%),1H24,2024-06-30,1H,missing,2.04,,,,,,
UOB,ratio.nim,Net interest margin,Key financial ratios (%),2H24,2024-12-31,2H,match,2.02,2.02,0.0,%,span,UOB_4Q25_condensed-financial-statements,Net interest margin ²
UOB,ratio.nim,Net interest margin,Key financial ratios (%),FY24,2024-12-31,FY,match,2.03,2.03,0.0,%,span,UOB_4Q25_condensed-financial-statements,Net interest margin ²
UOB,ratio.nim,Net interest margin,Key financial ratios (%),1H25,2025-06-30,1H,match,1.96,1.96,0.0,%,span,UOB_4Q25_condensed-financial-statements,Net interest margin ²
UOB,ratio.nim,Net interest margin,Key financial ratios (%),2H25,2025-12-31,2H,match,1.83,1.83,0.0,%,span,UOB_4Q25_condensed-financial-statements,Net interest margin ²
UOB,ratio.nim,Net interest margin,Key financial ratios (%),FY25,2025-12-31,FY,match,1.89,1.89,0.0,%,span,UOB_4Q25_condensed-financial-statements,Net interest margin ²
UOB,ratio.npl,NPL ratio,Key financial ratios (%),1Q23,2023-03-31,1Q,missing,3.54,,,,,,
UOB,ratio.npl,NPL ratio,Key financial ratios (%),2Q23,2023-06-30,2Q,missing,3.3,,,,,,
UOB,ratio.npl,NPL ratio,Key financial ratios (%),1H23,2023-06-30,1H,missing,1.6,,,,,,
UOB,ratio.npl,NPL ratio,Key financial ratios (%),3Q23,2023-09-30,3Q,missing,3.23,,,,,,
UOB,ratio.npl,NPL ratio,Key financial ratios (%),2H23,2023-12-31,2H,missing,1.5,,,,,,
UOB,ratio.npl,NPL ratio,Key financial ratios (%),FY23,2023-12-31,FY,missing,1.5,,,,,,
UOB,ratio.npl,NPL ratio,Key financial ratios (%),2Q24,2024-06-30,2Q,missing,13.4,,,,,,
UOB,ratio.npl,NPL ratio,Key financial ratios (%),1H24,2024-06-30,1H,missing,1.5,,,,,,
UOB,ratio.npl,NPL ratio,Key financial ratios (%),2H24,2024-12-31,2H,match,1.5,1.5,0.0,%,span,UOB_4Q25_condensed-financial-statements,NPL ratio ³
UOB,ratio.npl,NPL ratio,Key financial ratios (%),FY24,2024-12-31,FY,match,1.5,1.5,0.0,%,span,UOB_4Q25_condensed-financial-statements,NPL ratio ³
UOB,ratio.npl,NPL ratio,Key financial ratios (%),1H25,2025-06-30,1H,match,1.6,1.6,0.0,%,span,UOB_4Q25_condensed-financial-statements,NPL ratio ³
UOB,ratio.npl,NPL ratio,Key financial ratios (%),2H25,2025-12-31,2H,match,1.5,1.5,0.0,%,span,UOB_4Q25_condensed-financial-statements,NPL ratio ³
UOB,ratio.npl,NPL ratio,Key financial ratios (%),FY25,2025-12-31,FY,match,1.5,1.5,0.0,%,span,UOB_4Q25_condensed-financial-statements,NPL ratio ³
UOB,ratio.roa,Return on assets,Key financial ratios (%),1Q23,2023-03-31,1Q,missing,14.0,,,,,,
UOB,ratio.roa,Return on assets,Key financial ratios (%),2Q23,2023-06-30,2Q,missing,13.6,,,,,,
UOB,ratio.roa,Return on assets,Key financial ratios (%),1H23,2023-06-30,1H,missing,1.22,,,,,,
UOB,ratio.roa,Return on assets,Key financial ratios (%),3Q23,2023-09-30,3Q,missing,13.0,,,,,,
UOB,ratio.roa,Return on assets,Key financial ratios (%),2H23,2023-12-31,2H,missing,1.16,,,,,,
UOB,ratio.roa,Return on assets,Key financial ratios (%),FY23,2023-12-31,FY,missing,1.19,,,,,,
UOB,ratio.roa,Return on assets,Key financial ratios (%),2Q24,2024-06-30,2Q,missing,13.3,,,,,,
UOB,ratio.roa,Return on assets,Key financial ratios (%),1H24,2024-06-30,1H,missing,1.19,,,,,,
UOB,ratio.roa,Return on assets,Key financial ratios (%),2H24,2024-12-31,2H,match,1.19,1.19,0.0,%,span,UOB_4Q25_condensed-financial-statements,Return on average total assets 1
UOB,ratio.roa,Return on assets,Key financial ratios (%),FY24,2024-12-31,FY,match,1.16,1.16,0.0,%,span,UOB_4Q25_condensed-financial-statements,Return on average total assets 1
UOB,ratio.roa,Return on assets,Key financial ratios (%),1H25,2025-06-30,1H,match,1.05,1.05,0.0,%,span,UOB_4Q25_condensed-financial-statements,Return on average total assets 1
UOB,ratio.roa,Return on assets,Key financial ratios (%),2H25,2025-12-31,2H,match,0.68,0.68,0.0,%,span,UOB_4Q25_condensed-financial-statements,Return on average total assets 1
UOB,ratio.roa,Return on assets,Key financial ratios (%),FY25,2025-12-31,FY,match,0.86,0.86,0.0,%,span,UOB_4Q25_condensed-financial-statements,Return on average total assets 1
UOB,ratio.roe,Return on equity,Key financial ratios (%),1H23,2023-06-30,1H,missing,14.5,,,,,,
UOB,ratio.roe,Return on equity,Key financial ratios (%),2H23,2023-12-31,2H,missing,13.9,,,,,,
UOB,ratio.roe,Return on equity,Key financial ratios (%),FY23,2023-12-31,FY,missing,14.2,,,,,,
UOB,ratio.roe,Return on equity,Key financial ratios (%),2Q24,2024-06-30,2Q,missing,1.5,,,,,,
UOB,ratio.roe,Return on equity,Key financial ratios (%),1H24,2024-06-30,1H,missing,13.7,,,,,,
UOB,ratio.roe,Return on equity,Key financial ratios (%),2H24,2024-12-31,2H,match,13.5,13.5,0.0,%,span,UOB_4Q25_condensed-financial-statements,"Return on average ordinary shareholders' equity 1,2"
UOB,ratio.roe,Return on equity,Key financial ratios (%),FY24,2024-12-31,FY,match,13.3,13.3,0.0,%,span,UOB_4Q25_condensed-financial-statements,"Return on average ordinary shareholders' equity 1,2"
UOB,ratio.roe,Return on equity,Key financial ratios (%),1H25,2025-06-30,1H,match,11.7,11.7,0.0,%,span,UOB_4Q25_condensed-financial-statements,"Return on average ordinary shareholders' equity 1,2"
UOB,ratio.roe,Return on equity,Key financial ratios (%),2H25,2025-12-31,2H,match,7.6,7.6,0.0,%,span,UOB_4Q25_condensed-financial-statements,"Return on average ordinary shareholders' equity 1,2"
UOB,ratio.roe,Return on equity,Key financial ratios (%),FY25,2025-12-31,FY,match,9.6,9.6,0.0,%,span,UOB_4Q25_condensed-financial-statements,"Return on average ordinary shareholders' equity 1,2"
UOB,reg.capital.cet1_ratio,Common Equity Tier 1 (CET-1),Key financial ratios (%),1Q23,2023-03-31,1Q,missing,3.52,,,,,,
UOB,reg.capital.cet1_ratio,Common Equity Tier 1 (CET-1),Key financial ratios (%),2Q23,2023-06-30,2Q,missing,3.29,,,,,,
UOB,reg.capital.cet1_ratio,Common Equity Tier 1 (CET-1),Key financial ratios (%),1H23,2023-06-30,1H,missing,13.6,,,,,,
UOB,reg.capital.cet1_ratio,Common Equity Tier 1 (CET-1),Key financial ratios (%),3Q23,2023-09-30,3Q,missing,3.22,,,,,,
UOB,reg.capital.cet1_ratio,Common Equity Tier 1 (CET-1),Key financial ratios (%),2H23,2023-12-31,2H,missing,13.4,,,,,,
UOB,reg.capital.cet1_ratio,Common Equity Tier 1 (CET-1),Key financial ratios (%),FY23,2023-12-31,FY,missing,13.4,,,,,,
UOB,reg.capital.cet1_ratio,Common Equity Tier 1 (CET-1),Key financial ratios (%),1H24,2024-06-30,1H,missing,13.4,,,,,,
UOB,reg.capital.cet1_ratio,Common Equity Tier 1 (CET-1),Key financial ratios (%),2H24,2024-12-31,2H,match,15.5,15.5,0.0,%,span,UOB_4Q25_condensed-financial-statements,Common Equity Tier 1
UOB,reg.capital.cet1_ratio,Common Equity Tier 1 (CET-1),Key financial ratios (%),FY24,2024-12-31,FY,match,15.5,15.5,0.0,%,span,UOB_4Q25_condensed-financial-statements,Common Equity Tier 1
UOB,reg.capital.cet1_ratio,Common Equity Tier 1 (CET-1),Key financial ratios (%),1H25,2025-06-30,1H,match,15.3,15.3,0.0,%,span,UOB_4Q25_condensed-financial-statements,Common Equity Tier 1
UOB,reg.capital.cet1_ratio,Common Equity Tier 1 (CET-1),Key financial ratios (%),2H25,2025-12-31,2H,match,15.1,15.1,0.0,%,span,UOB_4Q25_condensed-financial-statements,Common Equity Tier 1
UOB,reg.capital.cet1_ratio,Common Equity Tier 1 (CET-1),Key financial ratios (%),FY25,2025-12-31,FY,match,15.1,15.1,0.0,%,span,UOB_4Q25_condensed-financial-statements,Common Equity Tier 1
