bank,canonical_section,section_ordinal,table_type_id,table_ordinal,line_ordinal,canonical_leaf_id,label,full_path,source_family,notes
OCBC,Financial Highlights,1,FS_INCOME_SELECTED,1,1,net_interest_income,Net interest income,Net interest income,Media_release_and_financial_highlights,
OCBC,Financial Highlights,1,FS_INCOME_SELECTED,1,2,non_interest_income,Non-interest income,Non-interest income,Media_release_and_financial_highlights,
OCBC,Financial Highlights,1,FS_INCOME_SELECTED,1,3,total_income,Total income,Total income,Media_release_and_financial_highlights,
OCBC,Financial Highlights,1,FS_INCOME_SELECTED,1,4,operating_expenses,Operating expenses,Operating expenses,Media_release_and_financial_highlights,
OCBC,Financial Highlights,1,FS_INCOME_SELECTED,1,5,operating_profit_before_allowances_and_amortisation,Operating profit before allowances and amortisation,Operating profit before allowances and amortisation,Media_release_and_financial_highlights,
OCBC,Financial Highlights,1,FS_INCOME_SELECTED,1,6,amortisation_of_intangible_assets,Amortisation of intangible assets,Amortisation of intangible assets,Media_release_and_financial_highlights,
OCBC,Financial Highlights,1,FS_INCOME_SELECTED,1,7,allowances_for_impaired_assets,Allowances for impaired assets,Allowances for impaired assets,Media_release_and_financial_highlights,
OCBC,Financial Highlights,1,FS_INCOME_SELECTED,1,8,allowances_write_back_charge_for_non_impaired_assets,Allowances (charge)/write-back for non-impaired assets,Allowances (charge)/write-back for non-impaired assets,Media_release_and_financial_highlights,
OCBC,Financial Highlights,1,FS_INCOME_SELECTED,1,8,allowances_write_back_charge_for_non_impaired_assets,Allowances write-back/(charge) for non-impaired assets,Allowances write-back/(charge) for non-impaired assets,Media_release_and_financial_highlights,
OCBC,Financial Highlights,1,FS_INCOME_SELECTED,1,9,operating_profit_after_allowances_and_amortisation,Operating profit after allowances and amortisation,Operating profit after allowances and amortisation,Media_release_and_financial_highlights,
OCBC,Financial Highlights,1,FS_INCOME_SELECTED,1,10,share_of_results_of_associates_net_of_tax,"Share of results of associates, net of tax","Share of results of associates, net of tax",Media_release_and_financial_highlights,
OCBC,Financial Highlights,1,FS_INCOME_SELECTED,1,11,profit_before_income_tax,Profit before income tax,Profit before income tax,Media_release_and_financial_highlights,
OCBC,Financial Highlights,1,FS_INCOME_SELECTED,1,12,net_profit_attributable_to_equity_holders,Net profit attributable to equity holders,Net profit attributable to equity holders,Media_release_and_financial_highlights,
OCBC,Financial Highlights,1,FS_INCOME_SELECTED,1,13,cash_basis_net_profit_attributable_to_equity_holders,Cash basis net profit attributable to equity holders 1/,Cash basis net profit attributable to equity holders 1/,Media_release_and_financial_highlights,
OCBC,Financial Highlights,1,FS_BALANCE_SELECTED,2,1,ordinary_equity,Ordinary equity,Ordinary equity,Media_release_and_financial_highlights,
OCBC,Financial Highlights,1,FS_BALANCE_SELECTED,2,2,equity_attributable_to_equity_holders_of_the_bank,Equity attributable to equity holders of the Bank,Equity attributable to equity holders of the Bank,Media_release_and_financial_highlights,
OCBC,Financial Highlights,1,FS_BALANCE_SELECTED,2,3,total_assets,Total assets,Total assets,Media_release_and_financial_highlights,
OCBC,Financial Highlights,1,FS_BALANCE_SELECTED,2,4,assets_excluding_investment_securities_and_other_assets_for_life_insurance_funds,Assets excluding investment securities and other assets for life insurance funds,Assets excluding investment securities and other assets for life insurance funds,Media_release_and_financial_highlights,
OCBC,Financial Highlights,1,FS_BALANCE_SELECTED,2,5,net_loans_to_customers,Net loans to customers,Net loans to customers,Media_release_and_financial_highlights,
OCBC,Financial Highlights,1,FS_BALANCE_SELECTED,2,6,deposits_of_non_bank_customers,Deposits of non-bank customers,Deposits of non-bank customers,Media_release_and_financial_highlights,
OCBC,Financial Highlights,1,FS_RATIOS_KEY,3,1,performance_ratios,Performance ratios,Performance ratios,Media_release_and_financial_highlights,
OCBC,Financial Highlights,1,FS_RATIOS_KEY,3,2,performance_ratios::return_on_equity,Return on equity 1/ 2/,Performance ratios > Return on equity 1/ 2/,Media_release_and_financial_highlights,
OCBC,Financial Highlights,1,FS_RATIOS_KEY,3,3,performance_ratios::return_on_assets,Return on assets 3/,Performance ratios > Return on assets 3/,Media_release_and_financial_highlights,
OCBC,Financial Highlights,1,FS_RATIOS_KEY,3,4,revenue_mix_efficiency_ratios,Revenue mix/efficiency ratios,Revenue mix/efficiency ratios,Media_release_and_financial_highlights,
OCBC,Financial Highlights,1,FS_RATIOS_KEY,3,5,revenue_mix_efficiency_ratios::net_interest_margin,Net interest margin,Revenue mix/efficiency ratios > Net interest margin,Media_release_and_financial_highlights,
OCBC,Financial Highlights,1,FS_RATIOS_KEY,3,6,revenue_mix_efficiency_ratios::non_interest_income_to_total_income,Non-interest income to total income,Revenue mix/efficiency ratios > Non-interest income to total income,Media_release_and_financial_highlights,
OCBC,Financial Highlights,1,FS_RATIOS_KEY,3,7,revenue_mix_efficiency_ratios::cost_to_income,Cost-to-income,Revenue mix/efficiency ratios > Cost-to-income,Media_release_and_financial_highlights,
OCBC,Financial Highlights,1,FS_RATIOS_KEY,3,8,revenue_mix_efficiency_ratios::loans_to_deposits,Loans-to-deposits,Revenue mix/efficiency ratios > Loans-to-deposits,Media_release_and_financial_highlights,
OCBC,Financial Highlights,1,FS_RATIOS_KEY,3,9,revenue_mix_efficiency_ratios::npl_ratio,NPL ratio,Revenue mix/efficiency ratios > NPL ratio,Media_release_and_financial_highlights,
OCBC,Financial Highlights,1,FS_RATIOS_KEY,3,10,capital_adequacy_ratios,Capital adequacy ratios 8/ 9/,Capital adequacy ratios 8/ 9/,Media_release_and_financial_highlights,
OCBC,Financial Highlights,1,FS_RATIOS_KEY,3,11,capital_adequacy_ratios::common_equity_tier_1,Common Equity Tier 1,Capital adequacy ratios 8/ 9/ > Common Equity Tier 1,Media_release_and_financial_highlights,
OCBC,Financial Highlights,1,FS_RATIOS_KEY,3,12,capital_adequacy_ratios::tier_1,Tier 1,Capital adequacy ratios 8/ 9/ > Tier 1,Media_release_and_financial_highlights,
OCBC,Financial Highlights,1,FS_RATIOS_KEY,3,13,capital_adequacy_ratios::total,Total,Capital adequacy ratios 8/ 9/ > Total,Media_release_and_financial_highlights,
OCBC,Financial Highlights,1,FS_RATIOS_KEY,3,14,leverage_ratio,Leverage ratio 5/ 8/ 9/,Leverage ratio 5/ 8/ 9/,Media_release_and_financial_highlights,
OCBC,Financial Highlights,1,FS_RATIOS_KEY,3,15,liquidity_coverage_ratios,Liquidity coverage ratios 6/ 8/,Liquidity coverage ratios 6/ 8/,Media_release_and_financial_highlights,
OCBC,Financial Highlights,1,FS_RATIOS_KEY,3,16,liquidity_coverage_ratios::singapore_dollar,Singapore dollar,Liquidity coverage ratios 6/ 8/ > Singapore dollar,Media_release_and_financial_highlights,
OCBC,Financial Highlights,1,FS_RATIOS_KEY,3,17,liquidity_coverage_ratios::all_currency,All-currency,Liquidity coverage ratios 6/ 8/ > All-currency,Media_release_and_financial_highlights,
OCBC,Financial Highlights,1,FS_RATIOS_KEY,3,18,net_stable_funding_ratio,Net stable funding ratio 7/ 8/,Net stable funding ratio 7/ 8/,Media_release_and_financial_highlights,
OCBC,Financial Highlights,1,FS_RATIOS_KEY,3,19,earnings_per_share,Earnings per share (S$) 2/,Earnings per share (S$) 2/,Media_release_and_financial_highlights,
OCBC,Financial Highlights,1,FS_RATIOS_KEY,3,20,earnings_per_share::basic_earnings,Basic earnings,Earnings per share (S$) 2/ > Basic earnings,Media_release_and_financial_highlights,
OCBC,Financial Highlights,1,FS_RATIOS_KEY,3,21,earnings_per_share::diluted_earnings,Diluted earnings,Earnings per share (S$) 2/ > Diluted earnings,Media_release_and_financial_highlights,
OCBC,Financial Highlights,1,FS_RATIOS_KEY,3,22,net_asset_value_per_share,Net asset value per share (S$),Net asset value per share (S$),Media_release_and_financial_highlights,
OCBC,4Q25 Quarter-on-Quarter Performance,2,FS_ALLOWANCES,1,11,allowances_charge_write_back_for_loans_and_other_assets,Allowances charge/(write-back) for loans and other assets,Allowances charge/(write-back) for loans and other assets,Media_release_and_financial_highlights,
OCBC,4Q25 Quarter-on-Quarter Performance,2,FS_ALLOWANCES,1,12,allowances_charge_write_back_for_loans_and_other_assets::of_which_impaired,of which: Impaired,Allowances charge/(write-back) for loans and other assets > of which: Impaired,Media_release_and_financial_highlights,
OCBC,4Q25 Quarter-on-Quarter Performance,2,FS_ALLOWANCES,1,13,allowances_charge_write_back_for_loans_and_other_assets::non_impaired,Non-impaired,Allowances charge/(write-back) for loans and other assets > Non-impaired,Media_release_and_financial_highlights,
OCBC,4Q25 Quarter-on-Quarter Performance,2,FS_ALLOWANCES,1,14,non_performing_assets_npas,Non-performing assets (NPAs),Non-performing assets (NPAs),Media_release_and_financial_highlights,
OCBC,4Q25 Quarter-on-Quarter Performance,2,FS_ALLOWANCES,1,15,non_performing_loan_npl_ratio,Non-performing loan (NPL) ratio,Non-performing loan (NPL) ratio,Media_release_and_financial_highlights,
OCBC,4Q25 Quarter-on-Quarter Performance,2,FS_ALLOWANCES,1,16,total_npa_coverage,Total NPA coverage,Total NPA coverage,Media_release_and_financial_highlights,
OCBC,4Q25 Quarter-on-Quarter Performance,2,FS_ALLOWANCES,1,17,total_loans,Total loans,Total loans,Media_release_and_financial_highlights,
OCBC,4Q25 Quarter-on-Quarter Performance,2,FS_ALLOWANCES,1,18,total_loans::of_which_impaired_loans,of which: Impaired loans,Total loans > of which: Impaired loans,Media_release_and_financial_highlights,
OCBC,ALLOWANCES FOR LOANS AND OTHER ASSETS,3,FS_ALLOWANCES,1,1,allowances_write_back::impaired_loans::singapore,Singapore,Allowances/(write-back): > Impaired loans > Singapore,Media_release_and_financial_highlights,
OCBC,ALLOWANCES FOR LOANS AND OTHER ASSETS,3,FS_ALLOWANCES,1,2,allowances_write_back::impaired_loans::malaysia,Malaysia,Allowances/(write-back): > Impaired loans > Malaysia,Media_release_and_financial_highlights,
OCBC,ALLOWANCES FOR LOANS AND OTHER ASSETS,3,FS_ALLOWANCES,1,3,allowances_write_back::impaired_loans::indonesia,Indonesia,Allowances/(write-back): > Impaired loans > Indonesia,Media_release_and_financial_highlights,
OCBC,ALLOWANCES FOR LOANS AND OTHER ASSETS,3,FS_ALLOWANCES,1,4,allowances_write_back::impaired_loans::greater_china,Greater China,Allowances/(write-back): > Impaired loans > Greater China,Media_release_and_financial_highlights,
OCBC,ALLOWANCES FOR LOANS AND OTHER ASSETS,3,FS_ALLOWANCES,1,5,allowances_write_back::impaired_loans::others,Others,Allowances/(write-back): > Impaired loans > Others,Media_release_and_financial_highlights,
OCBC,ALLOWANCES FOR LOANS AND OTHER ASSETS,3,FS_ALLOWANCES,1,6,allowances_write_back::impaired_loans_total,Impaired loans Total,Allowances/(write-back): > Impaired loans Total,Media_release_and_financial_highlights,
OCBC,ALLOWANCES FOR LOANS AND OTHER ASSETS,3,FS_ALLOWANCES,1,7,allowances_write_back::impaired_other_assets,Impaired other assets,Allowances/(write-back) > Impaired other assets,Media_release_and_financial_highlights,
OCBC,ALLOWANCES FOR LOANS AND OTHER ASSETS,3,FS_ALLOWANCES,1,8,allowances_write_back::non_impaired_loans,Non-impaired loans,Allowances/(write-back) > Non-impaired loans,Media_release_and_financial_highlights,
OCBC,ALLOWANCES FOR LOANS AND OTHER ASSETS,3,FS_ALLOWANCES,1,9,allowances_write_back::non_impaired_other_assets,Non-impaired other assets,Allowances/(write-back) > Non-impaired other assets,Media_release_and_financial_highlights,
OCBC,ALLOWANCES FOR LOANS AND OTHER ASSETS,3,FS_ALLOWANCES,1,10,allowances_for_loans_and_other_assets,Allowances for loans and other assets,Allowances for loans and other assets,Media_release_and_financial_highlights,
OCBC,ALLOWANCES FOR LOANS AND OTHER ASSETS,3,FS_EXPENSES_DETAIL,2,1,staff_costs,Staff costs,Staff costs,Media_release_and_financial_highlights,
OCBC,ALLOWANCES FOR LOANS AND OTHER ASSETS,3,FS_EXPENSES_DETAIL,2,2,property_plant_and_equipment::depreciation,Depreciation,"Property, plant and equipment > Depreciation",Media_release_and_financial_highlights,
OCBC,ALLOWANCES FOR LOANS AND OTHER ASSETS,3,FS_EXPENSES_DETAIL,2,3,property_plant_and_equipment::maintenance_and_rental,Maintenance and rental,"Property, plant and equipment > Maintenance and rental",Media_release_and_financial_highlights,
OCBC,ALLOWANCES FOR LOANS AND OTHER ASSETS,3,FS_EXPENSES_DETAIL,2,4,property_plant_and_equipment::others,Others,"Property, plant and equipment > Others",Media_release_and_financial_highlights,
OCBC,ALLOWANCES FOR LOANS AND OTHER ASSETS,3,FS_EXPENSES_DETAIL,2,5,property_plant_and_equipment::property_plant_and_equipment_total,"Property, plant and equipment Total","Property, plant and equipment > Property, plant and equipment Total",Media_release_and_financial_highlights,
OCBC,ALLOWANCES FOR LOANS AND OTHER ASSETS,3,FS_EXPENSES_DETAIL,2,6,property_plant_and_equipment::other_operating_expenses,Other operating expenses,"Property, plant and equipment > Other operating expenses",Media_release_and_financial_highlights,
OCBC,ALLOWANCES FOR LOANS AND OTHER ASSETS,3,FS_EXPENSES_DETAIL,2,7,total_operating_expenses,Total operating expenses,Total operating expenses,Media_release_and_financial_highlights,
OCBC,ALLOWANCES FOR LOANS AND OTHER ASSETS,3,FS_EXPENSES_DETAIL,2,8,total_operating_expenses::period_end,Period end,Total operating expenses > Period end,Media_release_and_financial_highlights,
OCBC,ALLOWANCES FOR LOANS AND OTHER ASSETS,3,FS_EXPENSES_DETAIL,2,9,total_operating_expenses::average,Average,Total operating expenses > Average,Media_release_and_financial_highlights,
OCBC,"Strong Funding, Liquidity and Capital Position",4,FS_HIGHLIGHTS_COMBINED,1,1,loans,Loans,Loans,Media_release_and_financial_highlights,
OCBC,"Strong Funding, Liquidity and Capital Position",4,FS_HIGHLIGHTS_COMBINED,1,2,loans::in_constant_currency_terms,% ∆ in constant currency terms,Loans > % ∆ in constant currency terms,Media_release_and_financial_highlights,
OCBC,"Strong Funding, Liquidity and Capital Position",4,FS_HIGHLIGHTS_COMBINED,1,3,deposits,Deposits,Deposits,Media_release_and_financial_highlights,
OCBC,"Strong Funding, Liquidity and Capital Position",4,FS_HIGHLIGHTS_COMBINED,1,4,deposits::of_which_casa_deposits,of which: CASA deposits,Deposits > of which: CASA deposits,Media_release_and_financial_highlights,
OCBC,"Strong Funding, Liquidity and Capital Position",4,FS_HIGHLIGHTS_COMBINED,1,5,casa_ratio,CASA ratio,CASA ratio,Media_release_and_financial_highlights,
OCBC,"Strong Funding, Liquidity and Capital Position",4,FS_HIGHLIGHTS_COMBINED,1,6,leverage_ratio,Leverage ratio 1/,Leverage ratio 1/,Media_release_and_financial_highlights,
OCBC,"Strong Funding, Liquidity and Capital Position",4,FS_HIGHLIGHTS_COMBINED,1,7,all_ccy_lcr_for_quarter_ended,All-ccy LCR (for quarter ended),All-ccy LCR (for quarter ended),Media_release_and_financial_highlights,
OCBC,"Strong Funding, Liquidity and Capital Position",4,FS_HIGHLIGHTS_COMBINED,1,8,loans::transitional_final_basel_iii_reforms,Transitional final Basel III reforms 1/,Loans > Transitional final Basel III reforms 1/,Media_release_and_financial_highlights,
OCBC,"Strong Funding, Liquidity and Capital Position",4,FS_HIGHLIGHTS_COMBINED,1,9,loans::fully_phased_in_final_basel_iii_reforms,Fully phased-in final Basel III reforms 2/,Loans > Fully phased-in final Basel III reforms 2/,Media_release_and_financial_highlights,
OCBC,CAPITAL ADEQUACY RATIOS 1/,5,FS_CAPITAL_ADEQUACY,1,18,ordinary_shares,Ordinary shares,Ordinary shares,Media_release_and_financial_highlights,
OCBC,CAPITAL ADEQUACY RATIOS 1/,5,FS_CAPITAL_ADEQUACY,1,19,disclosed_reserves_others,Disclosed reserves/others,Disclosed reserves/others,Media_release_and_financial_highlights,
OCBC,CAPITAL ADEQUACY RATIOS 1/,5,FS_CAPITAL_ADEQUACY,1,20,regulatory_adjustments,Regulatory adjustments,Regulatory adjustments,Media_release_and_financial_highlights,
OCBC,CAPITAL ADEQUACY RATIOS 1/,5,FS_CAPITAL_ADEQUACY,1,21,common_equity_tier_1_capital,Common Equity Tier 1 Capital,Common Equity Tier 1 Capital,Media_release_and_financial_highlights,
OCBC,CAPITAL ADEQUACY RATIOS 1/,5,FS_CAPITAL_ADEQUACY,1,22,additional_tier_1_capital,Additional Tier 1 capital,Additional Tier 1 capital,Media_release_and_financial_highlights,
OCBC,CAPITAL ADEQUACY RATIOS 1/,5,FS_CAPITAL_ADEQUACY,1,23,regulatory_adjustments::tier_1_capital,Tier 1 Capital,Regulatory adjustments > Tier 1 Capital,Media_release_and_financial_highlights,
OCBC,CAPITAL ADEQUACY RATIOS 1/,5,FS_CAPITAL_ADEQUACY,1,24,regulatory_adjustments::tier_2_capital,Tier 2 capital,Regulatory adjustments > Tier 2 capital,Media_release_and_financial_highlights,
OCBC,CAPITAL ADEQUACY RATIOS 1/,5,FS_CAPITAL_ADEQUACY,1,25,regulatory_adjustments::total_eligible_capital,Total Eligible Capital,Regulatory adjustments > Total Eligible Capital,Media_release_and_financial_highlights,
OCBC,CAPITAL ADEQUACY RATIOS 1/,5,FS_CAPITAL_ADEQUACY,1,26,regulatory_adjustments::risk_weighted_assets,Risk Weighted Assets,Regulatory adjustments > Risk Weighted Assets,Media_release_and_financial_highlights,
OCBC,CAPITAL ADEQUACY RATIOS 1/,5,FS_CAPITAL_ADEQUACY,1,27,regulatory_adjustments::common_equity_tier,Common Equity Tier 1,Regulatory adjustments > Common Equity Tier 1,Media_release_and_financial_highlights,
OCBC,CAPITAL ADEQUACY RATIOS 1/,5,FS_CAPITAL_ADEQUACY,1,28,regulatory_adjustments::tier,Tier 1,Regulatory adjustments > Tier 1,Media_release_and_financial_highlights,
OCBC,CAPITAL ADEQUACY RATIOS 1/,5,FS_CAPITAL_ADEQUACY,1,29,regulatory_adjustments::total,Total,Regulatory adjustments > Total,Media_release_and_financial_highlights,
OCBC,Average Balance Sheet,6,FS_AVG_BALANCE_SHEET,1,1,interest_earning_assets::loans_to_customers,Loans to customers,Interest earning assets > Loans to customers,Media_release_and_financial_highlights,
OCBC,Average Balance Sheet,6,FS_AVG_BALANCE_SHEET,1,2,interest_earning_assets::placements_with_and_loans_to_banks,Placements with and loans to banks,Interest earning assets > Placements with and loans to banks,Media_release_and_financial_highlights,
OCBC,Average Balance Sheet,6,FS_AVG_BALANCE_SHEET,1,3,interest_earning_assets::other_interest_earning_assets,Other interest earning assets,Interest earning assets > Other interest earning assets,Media_release_and_financial_highlights,
OCBC,Average Balance Sheet,6,FS_AVG_BALANCE_SHEET,1,4,interest_earning_assets::total_interest_earning_assets,Total interest earning assets,Interest earning assets > Total interest earning assets,Media_release_and_financial_highlights,
OCBC,Average Balance Sheet,6,FS_AVG_BALANCE_SHEET,1,5,interest_bearing_liabilities::deposits_of_non_bank_customers,Deposits of non-bank customers,Interest bearing liabilities > Deposits of non-bank customers,Media_release_and_financial_highlights,
OCBC,Average Balance Sheet,6,FS_AVG_BALANCE_SHEET,1,6,interest_bearing_liabilities::deposits_and_balances_of_banks,Deposits and balances of banks,Interest bearing liabilities > Deposits and balances of banks,Media_release_and_financial_highlights,
OCBC,Average Balance Sheet,6,FS_AVG_BALANCE_SHEET,1,7,interest_bearing_liabilities::other_borrowings,Other borrowings,Interest bearing liabilities > Other borrowings,Media_release_and_financial_highlights,
OCBC,Average Balance Sheet,6,FS_AVG_BALANCE_SHEET,1,8,interest_bearing_liabilities::total_interest_bearing_liabilities,Total interest bearing liabilities,Interest bearing liabilities > Total interest bearing liabilities,Media_release_and_financial_highlights,
OCBC,Average Balance Sheet,6,FS_AVG_BALANCE_SHEET,1,9,interest_bearing_liabilities::net_interest_income_margin,Net interest income/margin 1/,Interest bearing liabilities > Net interest income/margin 1/,Media_release_and_financial_highlights,
OCBC,Average Balance Sheet,6,FS_VOLUME_RATE,2,1,interest_income::loans_to_customers,Loans to customers,Interest income > Loans to customers,Media_release_and_financial_highlights,
OCBC,Average Balance Sheet,6,FS_VOLUME_RATE,2,2,interest_income::placements_with_and_loans_to_banks,Placements with and loans to banks,Interest income > Placements with and loans to banks,Media_release_and_financial_highlights,
OCBC,Average Balance Sheet,6,FS_VOLUME_RATE,2,3,interest_income::other_interest_earning_assets,Other interest earning assets,Interest income > Other interest earning assets,Media_release_and_financial_highlights,
OCBC,Average Balance Sheet,6,FS_VOLUME_RATE,2,4,interest_income::total_interest_income,Total interest income,Interest income > Total interest income,Media_release_and_financial_highlights,
OCBC,Average Balance Sheet,6,FS_VOLUME_RATE,2,5,interest_expense::deposits_of_non_bank_customers,Deposits of non-bank customers,Interest expense > Deposits of non-bank customers,Media_release_and_financial_highlights,
OCBC,Average Balance Sheet,6,FS_VOLUME_RATE,2,6,interest_expense::deposits_and_balances_of_banks,Deposits and balances of banks,Interest expense > Deposits and balances of banks,Media_release_and_financial_highlights,
OCBC,Average Balance Sheet,6,FS_VOLUME_RATE,2,7,interest_expense::other_borrowings,Other borrowings,Interest expense > Other borrowings,Media_release_and_financial_highlights,
OCBC,Average Balance Sheet,6,FS_VOLUME_RATE,2,8,interest_expense::total_interest_expense,Total interest expense,Interest expense > Total interest expense,Media_release_and_financial_highlights,
OCBC,Average Balance Sheet,6,FS_VOLUME_RATE,2,9,interest_expense::impact_on_net_interest_income,Impact on net interest income,Interest expense > Impact on net interest income,Media_release_and_financial_highlights,
OCBC,Average Balance Sheet,6,FS_VOLUME_RATE,2,10,impact_on_net_interest_income::due_to_change_in_number_of_days,Due to change in number of days,Impact on net interest income > Due to change in number of days,Media_release_and_financial_highlights,
OCBC,Average Balance Sheet,6,FS_VOLUME_RATE,2,11,interest_expense::net_interest_income,Net interest income,Interest expense > Net interest income,Media_release_and_financial_highlights,
OCBC,NON-INTEREST INCOME,7,FS_NON_INTEREST_INCOME,1,1,gross_fee_and_commission_income::brokerage,Brokerage,Gross fee and commission income > Brokerage,Media_release_and_financial_highlights,
OCBC,NON-INTEREST INCOME,7,FS_NON_INTEREST_INCOME,1,2,gross_fee_and_commission_income::credit_card,Credit card,Gross fee and commission income > Credit card,Media_release_and_financial_highlights,
OCBC,NON-INTEREST INCOME,7,FS_NON_INTEREST_INCOME,1,3,gross_fee_and_commission_income::fund_management,Fund management,Gross fee and commission income > Fund management,Media_release_and_financial_highlights,
OCBC,NON-INTEREST INCOME,7,FS_NON_INTEREST_INCOME,1,4,gross_fee_and_commission_income::guarantees,Guarantees,Gross fee and commission income > Guarantees,Media_release_and_financial_highlights,
OCBC,NON-INTEREST INCOME,7,FS_NON_INTEREST_INCOME,1,5,gross_fee_and_commission_income::investment_banking,Investment banking,Gross fee and commission income > Investment banking,Media_release_and_financial_highlights,
OCBC,NON-INTEREST INCOME,7,FS_NON_INTEREST_INCOME,1,6,gross_fee_and_commission_income::loan_related,Loan-related,Gross fee and commission income > Loan-related,Media_release_and_financial_highlights,
OCBC,NON-INTEREST INCOME,7,FS_NON_INTEREST_INCOME,1,7,gross_fee_and_commission_income::service_charges,Service charges,Gross fee and commission income > Service charges,Media_release_and_financial_highlights,
OCBC,NON-INTEREST INCOME,7,FS_NON_INTEREST_INCOME,1,8,gross_fee_and_commission_income::trade_related_and_remittances,Trade-related and remittances,Gross fee and commission income > Trade-related and remittances,Media_release_and_financial_highlights,
OCBC,NON-INTEREST INCOME,7,FS_NON_INTEREST_INCOME,1,9,gross_fee_and_commission_income::wealth_management,Wealth management,Gross fee and commission income > Wealth management,Media_release_and_financial_highlights,
OCBC,NON-INTEREST INCOME,7,FS_NON_INTEREST_INCOME,1,10,gross_fee_and_commission_income::others,Others,Gross fee and commission income > Others,Media_release_and_financial_highlights,
OCBC,NON-INTEREST INCOME,7,FS_NON_INTEREST_INCOME,1,11,gross_fee_and_commission_income::fee_and_commission_expense,Fee and commission expense,Gross fee and commission income > Fee and commission expense,Media_release_and_financial_highlights,
OCBC,NON-INTEREST INCOME,7,FS_NON_INTEREST_INCOME,1,12,gross_fee_and_commission_income::fees_and_commissions_net,Fees and commissions (net),Gross fee and commission income > Fees and commissions (net),Media_release_and_financial_highlights,
OCBC,NON-INTEREST INCOME,7,FS_NON_INTEREST_INCOME,1,13,gross_fee_and_commission_income::net_trading_income,Net trading income,Gross fee and commission income > Net trading income,Media_release_and_financial_highlights,
OCBC,NON-INTEREST INCOME,7,FS_NON_INTEREST_INCOME,1,14,income_from_life_and_general_insurance::insurance_service_results_from_life_insurance,Insurance service results from life insurance,Income from life and general insurance > Insurance service results from life insurance,Media_release_and_financial_highlights,
OCBC,NON-INTEREST INCOME,7,FS_NON_INTEREST_INCOME,1,15,income_from_life_and_general_insurance::net_investment_income_from_life_insurance,Net investment income from life insurance,Income from life and general insurance > Net investment income from life insurance,Media_release_and_financial_highlights,
OCBC,NON-INTEREST INCOME,7,FS_NON_INTEREST_INCOME,1,16,income_from_life_and_general_insurance::net_insurance_financial_result_from_life_insurance,Net insurance financial result from life insurance,Income from life and general insurance > Net insurance financial result from life insurance,Media_release_and_financial_highlights,
OCBC,NON-INTEREST INCOME,7,FS_NON_INTEREST_INCOME,1,17,income_from_life_and_general_insurance::insurance_service_results_from_general_insurance,Insurance service results from general insurance,Income from life and general insurance > Insurance service results from general insurance,Media_release_and_financial_highlights,
OCBC,NON-INTEREST INCOME,7,FS_NON_INTEREST_INCOME,1,18,income_from_life_and_general_insurance::sub_total,Sub-total,Income from life and general insurance > Sub-total,Media_release_and_financial_highlights,
OCBC,NON-INTEREST INCOME,7,FS_NON_INTEREST_INCOME,1,19,other_income::disposal_of_investment_securities,Disposal of investment securities,Other income > Disposal of investment securities,Media_release_and_financial_highlights,
OCBC,NON-INTEREST INCOME,7,FS_NON_INTEREST_INCOME,1,20,other_income::disposal_liquidation_of_subsidiaries_and_associates,Disposal/liquidation of subsidiaries and associates,Other income > Disposal/liquidation of subsidiaries and associates,Media_release_and_financial_highlights,
OCBC,NON-INTEREST INCOME,7,FS_NON_INTEREST_INCOME,1,21,other_income::disposal_of_property_plant_and_equipment,"Disposal of property, plant and equipment","Other income > Disposal of property, plant and equipment",Media_release_and_financial_highlights,
OCBC,NON-INTEREST INCOME,7,FS_NON_INTEREST_INCOME,1,22,other_income::rental_and_property_related_income,Rental and property-related income,Other income > Rental and property-related income,Media_release_and_financial_highlights,
OCBC,NON-INTEREST INCOME,7,FS_NON_INTEREST_INCOME,1,23,other_income::dividends_from_fvoci_securities,Dividends from FVOCI securities,Other income > Dividends from FVOCI securities,Media_release_and_financial_highlights,
OCBC,NON-INTEREST INCOME,7,FS_NON_INTEREST_INCOME,1,24,other_income::others,Others,Other income > Others,Media_release_and_financial_highlights,
OCBC,NON-INTEREST INCOME,7,FS_NON_INTEREST_INCOME,1,25,other_income::sub_total,Sub-total,Other income > Sub-total,Media_release_and_financial_highlights,
OCBC,NON-INTEREST INCOME,7,FS_NON_INTEREST_INCOME,1,26,other_income::total_non_interest_income,Total non-interest income,Other income > Total non-interest income,Media_release_and_financial_highlights,
OCBC,By Currency,8,FS_CUSTOMER_LOANS,1,1,gross_loans,Gross loans,Gross loans,Media_release_and_financial_highlights,
OCBC,By Currency,8,FS_CUSTOMER_LOANS,1,2,allowances::impaired_loans,Impaired loans,Allowances > Impaired loans,Media_release_and_financial_highlights,
OCBC,By Currency,8,FS_CUSTOMER_LOANS,1,3,allowances::non_impaired_loans,Non-impaired loans,Allowances > Non-impaired loans,Media_release_and_financial_highlights,
OCBC,By Currency,8,FS_CUSTOMER_LOANS,1,4,allowances::net_loans,Net loans,Allowances > Net loans,Media_release_and_financial_highlights,
OCBC,By Currency,8,FS_CUSTOMER_LOANS,1,5,by_maturity::within_1_year,Within 1 year,By Maturity > Within 1 year,Media_release_and_financial_highlights,
OCBC,By Currency,8,FS_CUSTOMER_LOANS,1,6,by_maturity::1_to_3_years,1 to 3 years,By Maturity > 1 to 3 years,Media_release_and_financial_highlights,
OCBC,By Currency,8,FS_CUSTOMER_LOANS,1,7,by_maturity::over_3_years,Over 3 years,By Maturity > Over 3 years,Media_release_and_financial_highlights,
OCBC,By Currency,8,FS_CUSTOMER_LOANS,1,8,by_industry::agriculture_mining_and_quarrying,"Agriculture, mining and quarrying","By Industry > Agriculture, mining and quarrying",Media_release_and_financial_highlights,
OCBC,By Currency,8,FS_CUSTOMER_LOANS,1,9,by_industry::manufacturing,Manufacturing,By Industry > Manufacturing,Media_release_and_financial_highlights,
OCBC,By Currency,8,FS_CUSTOMER_LOANS,1,10,by_industry::building_and_construction,Building and construction,By Industry > Building and construction,Media_release_and_financial_highlights,
OCBC,By Currency,8,FS_CUSTOMER_LOANS,1,11,by_industry::housing_loans,Housing loans,By Industry > Housing loans,Media_release_and_financial_highlights,
OCBC,By Currency,8,FS_CUSTOMER_LOANS,1,12,by_industry::general_commerce,General commerce,By Industry > General commerce,Media_release_and_financial_highlights,
OCBC,By Currency,8,FS_CUSTOMER_LOANS,1,13,by_industry::transport_storage_and_communication,"Transport, storage and communication","By Industry > Transport, storage and communication",Media_release_and_financial_highlights,
OCBC,By Currency,8,FS_CUSTOMER_LOANS,1,14,by_industry::financial_institutions_investment_and_holding_companies,"Financial institutions, investment and holding companies","By Industry > Financial institutions, investment and holding companies",Media_release_and_financial_highlights,
OCBC,By Currency,8,FS_CUSTOMER_LOANS,1,15,by_industry::professionals_and_individuals,Professionals and individuals,By Industry > Professionals and individuals,Media_release_and_financial_highlights,
OCBC,By Currency,8,FS_CUSTOMER_LOANS,1,16,by_industry::others,Others,By Industry > Others,Media_release_and_financial_highlights,
OCBC,By Currency,8,FS_CUSTOMER_LOANS,1,17,by_currency::singapore_dollar,Singapore Dollar,By Currency > Singapore Dollar,Media_release_and_financial_highlights,
OCBC,By Currency,8,FS_CUSTOMER_LOANS,1,18,by_currency::united_states_dollar,United States Dollar,By Currency > United States Dollar,Media_release_and_financial_highlights,
OCBC,By Currency,8,FS_CUSTOMER_LOANS,1,19,by_currency::malaysian_ringgit,Malaysian Ringgit,By Currency > Malaysian Ringgit,Media_release_and_financial_highlights,
OCBC,By Currency,8,FS_CUSTOMER_LOANS,1,20,by_currency::indonesian_rupiah,Indonesian Rupiah,By Currency > Indonesian Rupiah,Media_release_and_financial_highlights,
OCBC,By Currency,8,FS_CUSTOMER_LOANS,1,21,by_currency::hong_kong_dollar,Hong Kong Dollar,By Currency > Hong Kong Dollar,Media_release_and_financial_highlights,
OCBC,By Currency,8,FS_CUSTOMER_LOANS,1,22,by_currency::chinese_renminbi,Chinese Renminbi,By Currency > Chinese Renminbi,Media_release_and_financial_highlights,
OCBC,By Currency,8,FS_CUSTOMER_LOANS,1,23,by_currency::others,Others,By Currency > Others,Media_release_and_financial_highlights,
OCBC,By Currency,8,FS_CUSTOMER_LOANS,1,24,by_geography::singapore,Singapore,By Geography 1/ > Singapore,Media_release_and_financial_highlights,
OCBC,By Currency,8,FS_CUSTOMER_LOANS,1,25,by_geography::malaysia,Malaysia,By Geography 1/ > Malaysia,Media_release_and_financial_highlights,
OCBC,By Currency,8,FS_CUSTOMER_LOANS,1,26,by_geography::indonesia,Indonesia,By Geography 1/ > Indonesia,Media_release_and_financial_highlights,
OCBC,By Currency,8,FS_CUSTOMER_LOANS,1,27,by_geography::greater_china,Greater China,By Geography 1/ > Greater China,Media_release_and_financial_highlights,
OCBC,By Currency,8,FS_CUSTOMER_LOANS,1,28,by_geography::other_asia_pacific,Other Asia Pacific,By Geography 1/ > Other Asia Pacific,Media_release_and_financial_highlights,
OCBC,By Currency,8,FS_CUSTOMER_LOANS,1,29,by_geography::rest_of_the_world,Rest of the World,By Geography 1/ > Rest of the World,Media_release_and_financial_highlights,
OCBC,By Industry,9,FS_CUSTOMER_LOANS,1,30,by_maturity::total_by_maturity,Total By Maturity,By Maturity > Total By Maturity,Media_release_and_financial_highlights,
OCBC,By Industry,9,FS_CUSTOMER_LOANS,1,31,by_industry::total_by_industry,Total By Industry,By Industry > Total By Industry,Media_release_and_financial_highlights,
OCBC,By Industry,9,FS_CUSTOMER_LOANS,1,32,by_currency::total_by_currency,Total By Currency,By Currency > Total By Currency,Media_release_and_financial_highlights,
OCBC,By Industry,9,FS_CUSTOMER_LOANS,1,33,by_geography::total_by_geography,Total By Geography,By Geography 1/ > Total By Geography,Media_release_and_financial_highlights,
OCBC,Non-Bank Deposits by Currency,10,FS_CUSTOMER_DEPOSITS,1,1,deposits_of_non_bank_customers,Deposits of non-bank customers,Deposits of non-bank customers,Media_release_and_financial_highlights,
OCBC,Non-Bank Deposits by Currency,10,FS_CUSTOMER_DEPOSITS,1,2,deposits_and_balances_of_banks,Deposits and balances of banks,Deposits and balances of banks,Media_release_and_financial_highlights,
OCBC,Non-Bank Deposits by Currency,10,FS_CUSTOMER_DEPOSITS,1,3,total_deposits,Total deposits,Total deposits,Media_release_and_financial_highlights,
OCBC,Non-Bank Deposits by Currency,10,FS_CUSTOMER_DEPOSITS,1,4,total_deposits_by_maturity::within_1_year,Within 1 year,Total Deposits by Maturity > Within 1 year,Media_release_and_financial_highlights,
OCBC,Non-Bank Deposits by Currency,10,FS_CUSTOMER_DEPOSITS,1,5,total_deposits_by_maturity::1_to_3_years,1 to 3 years,Total Deposits by Maturity > 1 to 3 years,Media_release_and_financial_highlights,
OCBC,Non-Bank Deposits by Currency,10,FS_CUSTOMER_DEPOSITS,1,6,total_deposits_by_maturity::over_3_years,Over 3 years,Total Deposits by Maturity > Over 3 years,Media_release_and_financial_highlights,
OCBC,Non-Bank Deposits by Currency,10,FS_CUSTOMER_DEPOSITS,1,7,non_bank_deposits_by_product::fixed_deposits,Fixed deposits,Non-Bank Deposits by Product > Fixed deposits,Media_release_and_financial_highlights,
OCBC,Non-Bank Deposits by Currency,10,FS_CUSTOMER_DEPOSITS,1,8,non_bank_deposits_by_product::savings_deposits,Savings deposits,Non-Bank Deposits by Product > Savings deposits,Media_release_and_financial_highlights,
OCBC,Non-Bank Deposits by Currency,10,FS_CUSTOMER_DEPOSITS,1,9,non_bank_deposits_by_product::current_accounts,Current accounts,Non-Bank Deposits by Product > Current accounts,Media_release_and_financial_highlights,
OCBC,Non-Bank Deposits by Currency,10,FS_CUSTOMER_DEPOSITS,1,10,non_bank_deposits_by_product::others,Others,Non-Bank Deposits by Product > Others,Media_release_and_financial_highlights,
OCBC,Non-Bank Deposits by Currency,10,FS_CUSTOMER_DEPOSITS,1,11,non_bank_deposits_by_currency::singapore_dollar,Singapore Dollar,Non-Bank Deposits by Currency > Singapore Dollar,Media_release_and_financial_highlights,
OCBC,Non-Bank Deposits by Currency,10,FS_CUSTOMER_DEPOSITS,1,12,non_bank_deposits_by_currency::united_states_dollar,United States Dollar,Non-Bank Deposits by Currency > United States Dollar,Media_release_and_financial_highlights,
OCBC,Non-Bank Deposits by Currency,10,FS_CUSTOMER_DEPOSITS,1,13,non_bank_deposits_by_currency::malaysian_ringgit,Malaysian Ringgit,Non-Bank Deposits by Currency > Malaysian Ringgit,Media_release_and_financial_highlights,
OCBC,Non-Bank Deposits by Currency,10,FS_CUSTOMER_DEPOSITS,1,14,non_bank_deposits_by_currency::indonesian_rupiah,Indonesian Rupiah,Non-Bank Deposits by Currency > Indonesian Rupiah,Media_release_and_financial_highlights,
OCBC,Non-Bank Deposits by Currency,10,FS_CUSTOMER_DEPOSITS,1,15,non_bank_deposits_by_currency::hong_kong_dollar,Hong Kong Dollar,Non-Bank Deposits by Currency > Hong Kong Dollar,Media_release_and_financial_highlights,
OCBC,Non-Bank Deposits by Currency,10,FS_CUSTOMER_DEPOSITS,1,16,non_bank_deposits_by_currency::chinese_renminbi,Chinese Renminbi,Non-Bank Deposits by Currency > Chinese Renminbi,Media_release_and_financial_highlights,
OCBC,Non-Bank Deposits by Currency,10,FS_CUSTOMER_DEPOSITS,1,17,non_bank_deposits_by_currency::others,Others,Non-Bank Deposits by Currency > Others,Media_release_and_financial_highlights,
OCBC,NON-PERFORMING ASSETS,11,FS_NPA_COVERAGE,1,1,singapore,Singapore,Singapore,Media_release_and_financial_highlights,
OCBC,NON-PERFORMING ASSETS,11,FS_NPA_COVERAGE,1,2,malaysia,Malaysia,Malaysia,Media_release_and_financial_highlights,
OCBC,NON-PERFORMING ASSETS,11,FS_NPA_COVERAGE,1,3,indonesia,Indonesia,Indonesia,Media_release_and_financial_highlights,
OCBC,NON-PERFORMING ASSETS,11,FS_NPA_COVERAGE,1,4,greater_china,Greater China,Greater China,Media_release_and_financial_highlights,
OCBC,NON-PERFORMING ASSETS,11,FS_NPA_COVERAGE,1,5,other_asia_pacific,Other Asia Pacific,Other Asia Pacific,Media_release_and_financial_highlights,
OCBC,NON-PERFORMING ASSETS,11,FS_NPA_COVERAGE,1,6,rest_of_the_world,Rest of the World,Rest of the World,Media_release_and_financial_highlights,
OCBC,NON-PERFORMING ASSETS,11,FS_NPA_COVERAGE,1,7,group,Group,Group,Media_release_and_financial_highlights,
OCBC,NPAs by Period Overdue,12,FS_NPA_BY_INDUSTRY,1,1,loans_and_advances::agriculture_mining_and_quarrying,"Agriculture, mining and quarrying","Loans and advances > Agriculture, mining and quarrying",Media_release_and_financial_highlights,
OCBC,NPAs by Period Overdue,12,FS_NPA_BY_INDUSTRY,1,2,loans_and_advances::manufacturing,Manufacturing,Loans and advances > Manufacturing,Media_release_and_financial_highlights,
OCBC,NPAs by Period Overdue,12,FS_NPA_BY_INDUSTRY,1,3,loans_and_advances::building_and_construction,Building and construction,Loans and advances > Building and construction,Media_release_and_financial_highlights,
OCBC,NPAs by Period Overdue,12,FS_NPA_BY_INDUSTRY,1,4,loans_and_advances::housing_loans,Housing loans,Loans and advances > Housing loans,Media_release_and_financial_highlights,
OCBC,NPAs by Period Overdue,12,FS_NPA_BY_INDUSTRY,1,5,loans_and_advances::general_commerce,General commerce,Loans and advances > General commerce,Media_release_and_financial_highlights,
OCBC,NPAs by Period Overdue,12,FS_NPA_BY_INDUSTRY,1,6,loans_and_advances::transport_storage_and_communication,"Transport, storage and communication","Loans and advances > Transport, storage and communication",Media_release_and_financial_highlights,
OCBC,NPAs by Period Overdue,12,FS_NPA_BY_INDUSTRY,1,7,loans_and_advances::financial_institutions_investment_and_holding_companies,"Financial institutions, investment and holding companies","Loans and advances > Financial institutions, investment and holding companies",Media_release_and_financial_highlights,
OCBC,NPAs by Period Overdue,12,FS_NPA_BY_INDUSTRY,1,8,loans_and_advances::professionals_and_individuals,Professionals and individuals,Loans and advances > Professionals and individuals,Media_release_and_financial_highlights,
OCBC,NPAs by Period Overdue,12,FS_NPA_BY_INDUSTRY,1,9,loans_and_advances::others,Others,Loans and advances > Others,Media_release_and_financial_highlights,
OCBC,NPAs by Period Overdue,12,FS_NPA_BY_INDUSTRY,1,10,loans_and_advances::total_npls,Total NPLs,Loans and advances > Total NPLs,Media_release_and_financial_highlights,
OCBC,NPAs by Period Overdue,12,FS_NPA_BY_INDUSTRY,1,11,classified_debt_securities::classified_contingent_liabilities,Classified contingent liabilities,Classified debt securities > Classified contingent liabilities,Media_release_and_financial_highlights,
OCBC,NPAs by Period Overdue,12,FS_NPA_BY_INDUSTRY,1,12,classified_debt_securities::total_npas,Total NPAs,Classified debt securities > Total NPAs,Media_release_and_financial_highlights,
OCBC,NPAs by Period Overdue,12,FS_NPA_BY_PERIOD_OVERDUE,2,1,over_180_days,Over 180 days,Over 180 days,Media_release_and_financial_highlights,
OCBC,NPAs by Period Overdue,12,FS_NPA_BY_PERIOD_OVERDUE,2,2,over_90_to_180_days,Over 90 to 180 days,Over 90 to 180 days,Media_release_and_financial_highlights,
OCBC,NPAs by Period Overdue,12,FS_NPA_BY_PERIOD_OVERDUE,2,3,30_to_90_days,30 to 90 days,30 to 90 days,Media_release_and_financial_highlights,
OCBC,NPAs by Period Overdue,12,FS_NPA_BY_PERIOD_OVERDUE,2,4,less_than_30_days,Less than 30 days,Less than 30 days,Media_release_and_financial_highlights,
OCBC,NPAs by Period Overdue,12,FS_NPA_BY_PERIOD_OVERDUE,2,5,not_overdue,Not overdue,Not overdue,Media_release_and_financial_highlights,
OCBC,NPAs by Period Overdue,12,FS_NPA_BY_PERIOD_OVERDUE,2,6,total,Total,Total,Media_release_and_financial_highlights,
OCBC,NPAs by Period Overdue,12,FS_NPA_RESTRUCTURED,3,1,substandard,Substandard,Substandard,Media_release_and_financial_highlights,
OCBC,NPAs by Period Overdue,12,FS_NPA_RESTRUCTURED,3,2,doubtful,Doubtful,Doubtful,Media_release_and_financial_highlights,
OCBC,NPAs by Period Overdue,12,FS_NPA_RESTRUCTURED,3,3,loss,Loss,Loss,Media_release_and_financial_highlights,
OCBC,NPAs by Period Overdue,12,FS_NPA_RESTRUCTURED,3,4,total,Total,Total,Media_release_and_financial_highlights,
OCBC,CONSOLIDATED INCOME STATEMENT,13,FS_INCOME_CONSOLIDATED,1,1,interest_income,Interest income,Interest income,Condensed_financial_statements,
OCBC,CONSOLIDATED INCOME STATEMENT,13,FS_INCOME_CONSOLIDATED,1,2,interest_expense,Interest expense,Interest expense,Condensed_financial_statements,
OCBC,CONSOLIDATED INCOME STATEMENT,13,FS_INCOME_CONSOLIDATED,1,3,net_interest_income,Net interest income,Net interest income,Condensed_financial_statements,
OCBC,CONSOLIDATED INCOME STATEMENT,13,FS_INCOME_CONSOLIDATED,1,4,insurance_service_results_from_life_insurance,Insurance service results from life insurance (²),Insurance service results from life insurance (²),Condensed_financial_statements,
OCBC,CONSOLIDATED INCOME STATEMENT,13,FS_INCOME_CONSOLIDATED,1,5,net_investment_income_from_life_insurance,Net investment income from life insurance,Net investment income from life insurance,Condensed_financial_statements,
OCBC,CONSOLIDATED INCOME STATEMENT,13,FS_INCOME_CONSOLIDATED,1,6,net_insurance_financial_result_from_life_insurance,Net insurance financial result from life insurance,Net insurance financial result from life insurance,Condensed_financial_statements,
OCBC,CONSOLIDATED INCOME STATEMENT,13,FS_INCOME_CONSOLIDATED,1,7,insurance_service_results_from_general_insurance,Insurance service results from general insurance,Insurance service results from general insurance,Condensed_financial_statements,
OCBC,CONSOLIDATED INCOME STATEMENT,13,FS_INCOME_CONSOLIDATED,1,8,fees_and_commissions_net,Fees and commissions (net),Fees and commissions (net),Condensed_financial_statements,
OCBC,CONSOLIDATED INCOME STATEMENT,13,FS_INCOME_CONSOLIDATED,1,9,net_trading_income,Net trading income,Net trading income,Condensed_financial_statements,
OCBC,CONSOLIDATED INCOME STATEMENT,13,FS_INCOME_CONSOLIDATED,1,10,other_income,Other income,Other income,Condensed_financial_statements,
OCBC,CONSOLIDATED INCOME STATEMENT,13,FS_INCOME_CONSOLIDATED,1,11,non_interest_income,Non-interest income,Non-interest income,Condensed_financial_statements,
OCBC,CONSOLIDATED INCOME STATEMENT,13,FS_INCOME_CONSOLIDATED,1,12,total_income,Total income,Total income,Condensed_financial_statements,
OCBC,CONSOLIDATED INCOME STATEMENT,13,FS_INCOME_CONSOLIDATED,1,13,staff_costs,Staff costs,Staff costs,Condensed_financial_statements,
OCBC,CONSOLIDATED INCOME STATEMENT,13,FS_INCOME_CONSOLIDATED,1,14,other_operating_expenses,Other operating expenses,Other operating expenses,Condensed_financial_statements,
OCBC,CONSOLIDATED INCOME STATEMENT,13,FS_INCOME_CONSOLIDATED,1,15,total_operating_expenses,Total operating expenses,Total operating expenses,Condensed_financial_statements,
OCBC,CONSOLIDATED INCOME STATEMENT,13,FS_INCOME_CONSOLIDATED,1,16,operating_profit_before_allowances_and_amortisation,Operating profit before allowances and amortisation,Operating profit before allowances and amortisation,Condensed_financial_statements,
OCBC,CONSOLIDATED INCOME STATEMENT,13,FS_INCOME_CONSOLIDATED,1,17,amortisation_of_intangible_assets,Amortisation of intangible assets,Amortisation of intangible assets,Condensed_financial_statements,
OCBC,CONSOLIDATED INCOME STATEMENT,13,FS_INCOME_CONSOLIDATED,1,18,allowances_for_loans_and_other_assets,Allowances for loans and other assets,Allowances for loans and other assets,Condensed_financial_statements,
OCBC,CONSOLIDATED INCOME STATEMENT,13,FS_INCOME_CONSOLIDATED,1,19,operating_profit_after_allowances_and_amortisation,Operating profit after allowances and amortisation,Operating profit after allowances and amortisation,Condensed_financial_statements,
OCBC,CONSOLIDATED INCOME STATEMENT,13,FS_INCOME_CONSOLIDATED,1,20,share_of_results_of_associates_net_of_tax,"Share of results of associates, net of tax","Share of results of associates, net of tax",Condensed_financial_statements,
OCBC,CONSOLIDATED INCOME STATEMENT,13,FS_INCOME_CONSOLIDATED,1,21,profit_before_income_tax,Profit before income tax,Profit before income tax,Condensed_financial_statements,
OCBC,CONSOLIDATED INCOME STATEMENT,13,FS_INCOME_CONSOLIDATED,1,22,income_tax_expense,Income tax expense,Income tax expense,Condensed_financial_statements,
OCBC,CONSOLIDATED INCOME STATEMENT,13,FS_INCOME_CONSOLIDATED,1,23,profit_for_the_period_year,Profit for the period/year,Profit for the period/year,Condensed_financial_statements,
OCBC,CONSOLIDATED INCOME STATEMENT,13,FS_INCOME_CONSOLIDATED,1,24,attributable_to::equity_holders_of_the_bank,Equity holders of the Bank,Attributable to: > Equity holders of the Bank,Condensed_financial_statements,
OCBC,CONSOLIDATED INCOME STATEMENT,13,FS_INCOME_CONSOLIDATED,1,25,attributable_to::non_controlling_interests,Non-controlling interests,Attributable to: > Non-controlling interests,Condensed_financial_statements,
OCBC,CONSOLIDATED INCOME STATEMENT,13,FS_INCOME_CONSOLIDATED,1,26,earnings_per_share::basic,Basic,Earnings per share (S$) > Basic,Condensed_financial_statements,
OCBC,CONSOLIDATED INCOME STATEMENT,13,FS_INCOME_CONSOLIDATED,1,27,earnings_per_share::diluted,Diluted,Earnings per share (S$) > Diluted,Condensed_financial_statements,
OCBC,Consolidated Income Statement,14,FS_INCOME_CONSOLIDATED,1,24,attributable_to,Attributable to:,Attributable to:,Condensed_financial_statements,carried from the previous FS half; absent from OCBC_masterlist_condensed_fs.csv
OCBC,Consolidated Income Statement,14,FS_INCOME_CONSOLIDATED,1,27,earnings_per_share,Earnings per share (S$),Earnings per share (S$),Condensed_financial_statements,carried from the previous FS half; absent from OCBC_masterlist_condensed_fs.csv
OCBC,CONSOLIDATED STATEMENT OF COMPREHENSIVE INCOME,15,FS_COMPREHENSIVE_INCOME,1,1,profit_for_the_period_year,Profit for the period/year,Profit for the period/year,Condensed_financial_statements,
OCBC,CONSOLIDATED STATEMENT OF COMPREHENSIVE INCOME,15,FS_COMPREHENSIVE_INCOME,1,2,items_that_may_be_reclassified::fvoci_financial_assets::fair_value_gains_for_the_period_year,Fair value gains for the period/year,"Other comprehensive income: > Items that may be reclassified subsequently to income statement: > Financial assets, at FVOCI (²) > Fair value gains for the period/year",Condensed_financial_statements,
OCBC,CONSOLIDATED STATEMENT OF COMPREHENSIVE INCOME,15,FS_COMPREHENSIVE_INCOME,1,3,items_that_may_be_reclassified::fvoci_financial_assets::reclassification_of_gains::on_disposal,on disposal,"Other comprehensive income: > Items that may be reclassified subsequently to income statement: > Financial assets, at FVOCI (²) > Reclassification of gains to income statement > on disposal",Condensed_financial_statements,
OCBC,CONSOLIDATED STATEMENT OF COMPREHENSIVE INCOME,15,FS_COMPREHENSIVE_INCOME,1,4,items_that_may_be_reclassified::fvoci_financial_assets::reclassification_of_gains::on_impairment,on impairment,"Other comprehensive income: > Items that may be reclassified subsequently to income statement: > Financial assets, at FVOCI (²) > Reclassification of gains to income statement > on impairment",Condensed_financial_statements,
OCBC,CONSOLIDATED STATEMENT OF COMPREHENSIVE INCOME,15,FS_COMPREHENSIVE_INCOME,1,5,items_that_may_be_reclassified::fvoci_financial_assets::tax_on_net_movements,Tax on net movements,"Other comprehensive income: > Items that may be reclassified subsequently to income statement: > Financial assets, at FVOCI (²) > Tax on net movements",Condensed_financial_statements,
OCBC,CONSOLIDATED STATEMENT OF COMPREHENSIVE INCOME,15,FS_COMPREHENSIVE_INCOME,1,6,items_that_may_be_reclassified::cash_flow_and_other_hedges,Cash flow and other hedges,Other comprehensive income: > Items that may be reclassified subsequently to income statement: > Cash flow and other hedges,Condensed_financial_statements,
OCBC,CONSOLIDATED STATEMENT OF COMPREHENSIVE INCOME,15,FS_COMPREHENSIVE_INCOME,1,7,items_that_may_be_reclassified::net_insurance_financial_result,Net insurance financial result,Other comprehensive income: > Items that may be reclassified subsequently to income statement: > Net insurance financial result,Condensed_financial_statements,
OCBC,CONSOLIDATED STATEMENT OF COMPREHENSIVE INCOME,15,FS_COMPREHENSIVE_INCOME,1,8,items_that_may_be_reclassified::currency_translation_on_foreign_subsidiaries_and_overseas_branches,Currency translation on foreign subsidiaries and overseas branches,Other comprehensive income: > Items that may be reclassified subsequently to income statement: > Currency translation on foreign subsidiaries and overseas branches,Condensed_financial_statements,
OCBC,CONSOLIDATED STATEMENT OF COMPREHENSIVE INCOME,15,FS_COMPREHENSIVE_INCOME,1,9,items_that_may_be_reclassified::other_comprehensive_income_losses_of_associates,Other comprehensive income/(losses) of associates,Other comprehensive income: > Items that may be reclassified subsequently to income statement: > Other comprehensive income/(losses) of associates,Condensed_financial_statements,
OCBC,CONSOLIDATED STATEMENT OF COMPREHENSIVE INCOME,15,FS_COMPREHENSIVE_INCOME,1,10,items_that_will_not_be_reclassified::currency_translation_on_foreign_operations_attributable_to_nci,Currency translation on foreign operations attributable to non-controlling interests,Items that will not be reclassified subsequently to income statement: > Currency translation on foreign operations attributable to non-controlling interests,Condensed_financial_statements,
OCBC,CONSOLIDATED STATEMENT OF COMPREHENSIVE INCOME,15,FS_COMPREHENSIVE_INCOME,1,11,items_that_will_not_be_reclassified::equity_instruments_at_fvoci_net_change_in_fair_value,"Equity instruments, at FVOCI, (²) net change in fair value","Items that will not be reclassified subsequently to income statement: > Equity instruments, at FVOCI, (²) net change in fair value",Condensed_financial_statements,
OCBC,CONSOLIDATED STATEMENT OF COMPREHENSIVE INCOME,15,FS_COMPREHENSIVE_INCOME,1,12,items_that_will_not_be_reclassified::defined_benefit_plans_remeasurements,Defined benefit plans remeasurements,Items that will not be reclassified subsequently to income statement: > Defined benefit plans remeasurements,Condensed_financial_statements,
OCBC,CONSOLIDATED STATEMENT OF COMPREHENSIVE INCOME,15,FS_COMPREHENSIVE_INCOME,1,13,items_that_will_not_be_reclassified::own_credit,Own credit,Items that will not be reclassified subsequently to income statement: > Own credit,Condensed_financial_statements,
OCBC,CONSOLIDATED STATEMENT OF COMPREHENSIVE INCOME,15,FS_COMPREHENSIVE_INCOME,1,14,total_other_comprehensive_income_net_of_tax,"Total other comprehensive income, net of tax","Total other comprehensive income, net of tax",Condensed_financial_statements,
OCBC,CONSOLIDATED STATEMENT OF COMPREHENSIVE INCOME,15,FS_COMPREHENSIVE_INCOME,1,15,total_comprehensive_income_for_the_period_year_net_of_tax,"Total comprehensive income for the period/year, net of tax","Total comprehensive income for the period/year, net of tax",Condensed_financial_statements,
OCBC,CONSOLIDATED STATEMENT OF COMPREHENSIVE INCOME,15,FS_COMPREHENSIVE_INCOME,1,16,total_comprehensive_income_attributable_to::equity_holders_of_the_bank,Equity holders of the Bank,Total comprehensive income attributable to: > Equity holders of the Bank,Condensed_financial_statements,
OCBC,CONSOLIDATED STATEMENT OF COMPREHENSIVE INCOME,15,FS_COMPREHENSIVE_INCOME,1,17,total_comprehensive_income_attributable_to::non_controlling_interests,Non-controlling interests,Total comprehensive income attributable to: > Non-controlling interests,Condensed_financial_statements,
OCBC,BALANCE SHEETS,16,FS_BALANCE_CONSOLIDATED,1,1,attributable_to_equity_holders_of_the_bank::share_capital,Share capital,Equity > Attributable to equity holders of the Bank > Share capital,Condensed_financial_statements,
OCBC,BALANCE SHEETS,16,FS_BALANCE_CONSOLIDATED,1,2,attributable_to_equity_holders_of_the_bank::other_equity_instruments,Other equity instruments,Equity > Attributable to equity holders of the Bank > Other equity instruments,Condensed_financial_statements,
OCBC,BALANCE SHEETS,16,FS_BALANCE_CONSOLIDATED,1,3,attributable_to_equity_holders_of_the_bank::capital_reserves,Capital reserves,Equity > Attributable to equity holders of the Bank > Capital reserves,Condensed_financial_statements,
OCBC,BALANCE SHEETS,16,FS_BALANCE_CONSOLIDATED,1,4,attributable_to_equity_holders_of_the_bank::fair_value_reserves,Fair value reserves,Equity > Attributable to equity holders of the Bank > Fair value reserves,Condensed_financial_statements,
OCBC,BALANCE SHEETS,16,FS_BALANCE_CONSOLIDATED,1,5,attributable_to_equity_holders_of_the_bank::revenue_reserves,Revenue reserves,Equity > Attributable to equity holders of the Bank > Revenue reserves,Condensed_financial_statements,
OCBC,BALANCE SHEETS,16,FS_BALANCE_CONSOLIDATED,1,6,attributable_to_equity_holders_of_the_bank,,Equity > Attributable to equity holders of the Bank > (subtotal),Condensed_financial_statements,unlabeled subtotal row
OCBC,BALANCE SHEETS,16,FS_BALANCE_CONSOLIDATED,1,7,other_equity_instruments_issued_by_subsidiary,Other equity instruments issued by subsidiary,Equity > Other equity instruments issued by subsidiary,Condensed_financial_statements,
OCBC,BALANCE SHEETS,16,FS_BALANCE_CONSOLIDATED,1,8,non_controlling_interests,Non-controlling interests,Equity > Non-controlling interests,Condensed_financial_statements,
OCBC,BALANCE SHEETS,16,FS_BALANCE_CONSOLIDATED,1,9,total_equity,Total equity,Equity > Total equity,Condensed_financial_statements,
OCBC,BALANCE SHEETS,16,FS_BALANCE_CONSOLIDATED,1,10,deposits_of_non_bank_customers,Deposits of non-bank customers,Liabilities > Deposits of non-bank customers,Condensed_financial_statements,
OCBC,BALANCE SHEETS,16,FS_BALANCE_CONSOLIDATED,1,11,deposits_and_balances_of_banks,Deposits and balances of banks,Liabilities > Deposits and balances of banks,Condensed_financial_statements,
OCBC,BALANCE SHEETS,16,FS_BALANCE_CONSOLIDATED,1,12,due_to_subsidiaries,Due to subsidiaries,Liabilities > Due to subsidiaries,Condensed_financial_statements,
OCBC,BALANCE SHEETS,16,FS_BALANCE_CONSOLIDATED,1,13,due_to_associates,Due to associates,Liabilities > Due to associates,Condensed_financial_statements,
OCBC,BALANCE SHEETS,16,FS_BALANCE_CONSOLIDATED,1,14,trading_portfolio_liabilities,Trading portfolio liabilities,Liabilities > Trading portfolio liabilities,Condensed_financial_statements,
OCBC,BALANCE SHEETS,16,FS_BALANCE_CONSOLIDATED,1,15,derivative_payables,Derivative payables,Liabilities > Derivative payables,Condensed_financial_statements,
OCBC,BALANCE SHEETS,16,FS_BALANCE_CONSOLIDATED,1,16,other_liabilities,Other liabilities,Liabilities > Other liabilities,Condensed_financial_statements,
OCBC,BALANCE SHEETS,16,FS_BALANCE_CONSOLIDATED,1,17,current_tax_payables,Current tax payables,Liabilities > Current tax payables,Condensed_financial_statements,
OCBC,BALANCE SHEETS,16,FS_BALANCE_CONSOLIDATED,1,18,deferred_tax_liabilities,Deferred tax liabilities,Liabilities > Deferred tax liabilities,Condensed_financial_statements,
OCBC,BALANCE SHEETS,16,FS_BALANCE_CONSOLIDATED,1,19,debt_issued,Debt issued,Liabilities > Debt issued,Condensed_financial_statements,
OCBC,BALANCE SHEETS,16,FS_BALANCE_CONSOLIDATED,1,20,total_liabilities_excluding_insurance_funds,,Liabilities > (subtotal excluding insurance funds),Condensed_financial_statements,unlabeled subtotal row
OCBC,BALANCE SHEETS,16,FS_BALANCE_CONSOLIDATED,1,21,insurance_contract_liabilities_and_other_liabilities_for_life_insurance_funds,Insurance contract liabilities and other liabilities for life insurance funds,Liabilities > Insurance contract liabilities and other liabilities for life insurance funds,Condensed_financial_statements,
OCBC,BALANCE SHEETS,16,FS_BALANCE_CONSOLIDATED,1,22,total_liabilities,Total liabilities,Liabilities > Total liabilities,Condensed_financial_statements,
OCBC,BALANCE SHEETS,16,FS_BALANCE_CONSOLIDATED,1,23,total_equity_and_liabilities,Total equity and liabilities,Total equity and liabilities,Condensed_financial_statements,
OCBC,BALANCE SHEETS,16,FS_BALANCE_CONSOLIDATED,1,24,cash_and_placements_with_central_banks,Cash and placements with central banks,Assets > Cash and placements with central banks,Condensed_financial_statements,
OCBC,BALANCE SHEETS,16,FS_BALANCE_CONSOLIDATED,1,25,singapore_government_treasury_bills_and_securities,Singapore government treasury bills and securities,Assets > Singapore government treasury bills and securities,Condensed_financial_statements,
OCBC,BALANCE SHEETS,16,FS_BALANCE_CONSOLIDATED,1,26,other_government_treasury_bills_and_securities,Other government treasury bills and securities,Assets > Other government treasury bills and securities,Condensed_financial_statements,
OCBC,BALANCE SHEETS,16,FS_BALANCE_CONSOLIDATED,1,27,placements_with_and_loans_to_banks,Placements with and loans to banks,Assets > Placements with and loans to banks,Condensed_financial_statements,
OCBC,BALANCE SHEETS,16,FS_BALANCE_CONSOLIDATED,1,28,loans_to_customers,Loans to customers,Assets > Loans to customers,Condensed_financial_statements,
OCBC,BALANCE SHEETS,16,FS_BALANCE_CONSOLIDATED,1,29,debt_and_equity_securities,Debt and equity securities,Assets > Debt and equity securities,Condensed_financial_statements,
OCBC,BALANCE SHEETS,16,FS_BALANCE_CONSOLIDATED,1,30,derivative_receivables,Derivative receivables,Assets > Derivative receivables,Condensed_financial_statements,
OCBC,BALANCE SHEETS,16,FS_BALANCE_CONSOLIDATED,1,31,other_assets,Other assets,Assets > Other assets,Condensed_financial_statements,
OCBC,BALANCE SHEETS,16,FS_BALANCE_CONSOLIDATED,1,32,deferred_tax_assets,Deferred tax assets,Assets > Deferred tax assets,Condensed_financial_statements,
OCBC,BALANCE SHEETS,16,FS_BALANCE_CONSOLIDATED,1,33,associates,Associates,Assets > Associates,Condensed_financial_statements,
OCBC,BALANCE SHEETS,16,FS_BALANCE_CONSOLIDATED,1,34,subsidiaries,Subsidiaries,Assets > Subsidiaries,Condensed_financial_statements,
OCBC,BALANCE SHEETS,16,FS_BALANCE_CONSOLIDATED,1,35,property_plant_and_equipment,"Property, plant and equipment","Assets > Property, plant and equipment",Condensed_financial_statements,
OCBC,BALANCE SHEETS,16,FS_BALANCE_CONSOLIDATED,1,36,investment_property,Investment property,Assets > Investment property,Condensed_financial_statements,
OCBC,BALANCE SHEETS,16,FS_BALANCE_CONSOLIDATED,1,37,goodwill_and_other_intangible_assets,Goodwill and other intangible assets,Assets > Goodwill and other intangible assets,Condensed_financial_statements,
OCBC,BALANCE SHEETS,16,FS_BALANCE_CONSOLIDATED,1,38,total_assets_excluding_insurance_funds,,Assets > (subtotal excluding insurance funds),Condensed_financial_statements,unlabeled subtotal row
OCBC,BALANCE SHEETS,16,FS_BALANCE_CONSOLIDATED,1,39,investment_securities_for_life_insurance_funds,Investment securities for life insurance funds,Investment securities for life insurance funds,Condensed_financial_statements,
OCBC,BALANCE SHEETS,16,FS_BALANCE_CONSOLIDATED,1,40,other_assets_for_life_insurance_funds,Other assets for life insurance funds,Other assets for life insurance funds,Condensed_financial_statements,
OCBC,BALANCE SHEETS,16,FS_BALANCE_CONSOLIDATED,1,41,total_assets,Total assets,Total assets,Condensed_financial_statements,
OCBC,BALANCE SHEETS,16,FS_BALANCE_CONSOLIDATED,1,42,net_asset_value_per_ordinary_share,Net asset value per ordinary share – S$ (¹),Net asset value per ordinary share – S$ (¹),Condensed_financial_statements,
OCBC,BALANCE SHEETS,16,FS_BALANCE_CONSOLIDATED,1,43,off_balance_sheet_items::contingent_liabilities,Contingent liabilities,OFF-BALANCE SHEET ITEMS > Contingent liabilities,Condensed_financial_statements,
OCBC,BALANCE SHEETS,16,FS_BALANCE_CONSOLIDATED,1,44,off_balance_sheet_items::commitments,Commitments,OFF-BALANCE SHEET ITEMS > Commitments,Condensed_financial_statements,
OCBC,BALANCE SHEETS,16,FS_BALANCE_CONSOLIDATED,1,45,off_balance_sheet_items::derivative_financial_instruments,Derivative financial instruments,OFF-BALANCE SHEET ITEMS > Derivative financial instruments,Condensed_financial_statements,
OCBC,Balance Sheets,17,FS_BALANCE_CONSOLIDATED,1,41,contingent_liabilities,Contingent liabilities,OFF-BALANCE SHEET ITEMS > Contingent liabilities,Condensed_financial_statements,carried from the previous FS half; absent from OCBC_masterlist_condensed_fs.csv
OCBC,Balance Sheets,17,FS_BALANCE_CONSOLIDATED,1,42,commitments,Commitments,OFF-BALANCE SHEET ITEMS > Commitments,Condensed_financial_statements,carried from the previous FS half; absent from OCBC_masterlist_condensed_fs.csv
OCBC,Balance Sheets,17,FS_BALANCE_CONSOLIDATED,1,43,derivative_financial_instruments,Derivative financial instruments,OFF-BALANCE SHEET ITEMS > Derivative financial instruments,Condensed_financial_statements,carried from the previous FS half; absent from OCBC_masterlist_condensed_fs.csv
OCBC,STATEMENT OF CHANGES IN EQUITY - GROUP,18,FS_EQUITY_CHANGES_GROUP,1,1,balance_at_1_january,Balance at 1 January,Balance at 1 January,Condensed_financial_statements,opening balance — DATE-based id per rule 3
OCBC,STATEMENT OF CHANGES IN EQUITY - GROUP,18,FS_EQUITY_CHANGES_GROUP,1,2,profit_for_the_year,Profit for the year,Total comprehensive income for the year > Profit for the year,Condensed_financial_statements,
OCBC,STATEMENT OF CHANGES IN EQUITY - GROUP,18,FS_EQUITY_CHANGES_GROUP,1,3,fvoci_financial_assets::fair_value_gains_for_the_year,Fair value gains for the year,"Other comprehensive income > Items that may be reclassified subsequently to income statement: > Financial assets, at FVOCI > Fair value gains for the year",Condensed_financial_statements,
OCBC,STATEMENT OF CHANGES IN EQUITY - GROUP,18,FS_EQUITY_CHANGES_GROUP,1,4,fvoci_financial_assets::reclassification::on_disposal,on disposal,"Other comprehensive income > Items that may be reclassified subsequently to income statement: > Financial assets, at FVOCI > Reclassification of gains to income statement > on disposal",Condensed_financial_statements,
OCBC,STATEMENT OF CHANGES IN EQUITY - GROUP,18,FS_EQUITY_CHANGES_GROUP,1,5,fvoci_financial_assets::reclassification::on_impairment,on impairment,"Other comprehensive income > Items that may be reclassified subsequently to income statement: > Financial assets, at FVOCI > Reclassification of gains to income statement > on impairment",Condensed_financial_statements,
OCBC,STATEMENT OF CHANGES IN EQUITY - GROUP,18,FS_EQUITY_CHANGES_GROUP,1,6,fvoci_financial_assets::tax_on_net_movements,Tax on net movements,"Other comprehensive income > Items that may be reclassified subsequently to income statement: > Financial assets, at FVOCI > Tax on net movements",Condensed_financial_statements,
OCBC,STATEMENT OF CHANGES IN EQUITY - GROUP,18,FS_EQUITY_CHANGES_GROUP,1,7,cash_flow_and_other_hedges,Cash flow and other hedges,Other comprehensive income > Items that may be reclassified subsequently to income statement: > Cash flow and other hedges,Condensed_financial_statements,
OCBC,STATEMENT OF CHANGES IN EQUITY - GROUP,18,FS_EQUITY_CHANGES_GROUP,1,8,net_insurance_financial_result,Net insurance financial result,Other comprehensive income > Items that may be reclassified subsequently to income statement: > Net insurance financial result,Condensed_financial_statements,
OCBC,STATEMENT OF CHANGES IN EQUITY - GROUP,18,FS_EQUITY_CHANGES_GROUP,1,9,currency_translation_on_foreign_subsidiaries_and_overseas_branches,Currency translation on foreign subsidiaries and overseas branches,Other comprehensive income > Items that may be reclassified subsequently to income statement: > Currency translation on foreign subsidiaries and overseas branches,Condensed_financial_statements,
OCBC,STATEMENT OF CHANGES IN EQUITY - GROUP,18,FS_EQUITY_CHANGES_GROUP,1,10,other_comprehensive_income_losses_of_associates,Other comprehensive losses of associates,Other comprehensive income > Items that may be reclassified subsequently to income statement: > Other comprehensive losses of associates,Condensed_financial_statements,2024 image uses 'income of associates' — vintage-neutral id
OCBC,STATEMENT OF CHANGES IN EQUITY - GROUP,18,FS_EQUITY_CHANGES_GROUP,1,11,currency_translation_on_foreign_operations_attributable_to_nci,Currency translation on foreign operations attributable to non-controlling interests,Items that will not be reclassified subsequently to income statement: > Currency translation on foreign operations attributable to non-controlling interests,Condensed_financial_statements,
OCBC,STATEMENT OF CHANGES IN EQUITY - GROUP,18,FS_EQUITY_CHANGES_GROUP,1,12,equity_instruments_at_fvoci_net_change_in_fair_value,"Equity instruments, at FVOCI, net change in fair value","Items that will not be reclassified subsequently to income statement: > Equity instruments, at FVOCI, net change in fair value",Condensed_financial_statements,
OCBC,STATEMENT OF CHANGES IN EQUITY - GROUP,18,FS_EQUITY_CHANGES_GROUP,1,13,defined_benefit_plans_remeasurements,Defined benefit plans remeasurements,Items that will not be reclassified subsequently to income statement: > Defined benefit plans remeasurements,Condensed_financial_statements,
OCBC,STATEMENT OF CHANGES IN EQUITY - GROUP,18,FS_EQUITY_CHANGES_GROUP,1,14,own_credit,Own credit,Items that will not be reclassified subsequently to income statement: > Own credit,Condensed_financial_statements,
OCBC,STATEMENT OF CHANGES IN EQUITY - GROUP,18,FS_EQUITY_CHANGES_GROUP,1,15,total_other_comprehensive_income_net_of_tax,"Total other comprehensive income, net of tax","Total other comprehensive income, net of tax",Condensed_financial_statements,
OCBC,STATEMENT OF CHANGES IN EQUITY - GROUP,18,FS_EQUITY_CHANGES_GROUP,1,16,total_comprehensive_income_for_the_year,Total comprehensive income for the year,Total comprehensive income for the year,Condensed_financial_statements,
OCBC,STATEMENT OF CHANGES IN EQUITY - GROUP,18,FS_EQUITY_CHANGES_GROUP,1,17,contributions_by_and_distributions_to_owners::transfers,Transfers,"Transactions with owners, recorded directly in equity > Contributions by and distributions to owners > Transfers",Condensed_financial_statements,
OCBC,STATEMENT OF CHANGES IN EQUITY - GROUP,18,FS_EQUITY_CHANGES_GROUP,1,18,contributions_by_and_distributions_to_owners::buy_back_of_shares_for_holding_as_treasury_shares,Buy-back of shares for holding as treasury shares,"Transactions with owners, recorded directly in equity > Contributions by and distributions to owners > Buy-back of shares for holding as treasury shares",Condensed_financial_statements,
OCBC,STATEMENT OF CHANGES IN EQUITY - GROUP,18,FS_EQUITY_CHANGES_GROUP,1,19,contributions_by_and_distributions_to_owners::cancellation_of_shares,Cancellation of shares,"Transactions with owners, recorded directly in equity > Contributions by and distributions to owners > Cancellation of shares",Condensed_financial_statements,
OCBC,STATEMENT OF CHANGES IN EQUITY - GROUP,18,FS_EQUITY_CHANGES_GROUP,1,20,contributions_by_and_distributions_to_owners::dividends_and_distributions,Dividends and distributions,"Transactions with owners, recorded directly in equity > Contributions by and distributions to owners > Dividends and distributions",Condensed_financial_statements,
OCBC,STATEMENT OF CHANGES IN EQUITY - GROUP,18,FS_EQUITY_CHANGES_GROUP,1,21,contributions_by_and_distributions_to_owners::dsp_reserve_from_dividends_on_unvested_shares,DSP reserve from dividends on unvested shares,"Transactions with owners, recorded directly in equity > Contributions by and distributions to owners > DSP reserve from dividends on unvested shares",Condensed_financial_statements,
OCBC,STATEMENT OF CHANGES IN EQUITY - GROUP,18,FS_EQUITY_CHANGES_GROUP,1,22,contributions_by_and_distributions_to_owners::perpetual_capital_securities_issued,Perpetual capital securities issued,"Transactions with owners, recorded directly in equity > Contributions by and distributions to owners > Perpetual capital securities issued",Condensed_financial_statements,
OCBC,STATEMENT OF CHANGES IN EQUITY - GROUP,18,FS_EQUITY_CHANGES_GROUP,1,23,contributions_by_and_distributions_to_owners::share_based_payments_for_staff_costs,Share-based payments for staff costs,"Transactions with owners, recorded directly in equity > Contributions by and distributions to owners > Share-based payments for staff costs",Condensed_financial_statements,
OCBC,STATEMENT OF CHANGES IN EQUITY - GROUP,18,FS_EQUITY_CHANGES_GROUP,1,24,contributions_by_and_distributions_to_owners::shares_issued_to_non_executive_directors,Shares issued to non-executive directors,"Transactions with owners, recorded directly in equity > Contributions by and distributions to owners > Shares issued to non-executive directors",Condensed_financial_statements,
OCBC,STATEMENT OF CHANGES IN EQUITY - GROUP,18,FS_EQUITY_CHANGES_GROUP,1,25,contributions_by_and_distributions_to_owners::shares_transferred_to_dsp_trust,Shares transferred to DSP Trust,"Transactions with owners, recorded directly in equity > Contributions by and distributions to owners > Shares transferred to DSP Trust",Condensed_financial_statements,
OCBC,STATEMENT OF CHANGES IN EQUITY - GROUP,18,FS_EQUITY_CHANGES_GROUP,1,26,contributions_by_and_distributions_to_owners::shares_vested_under_dsp_scheme,Shares vested under DSP Scheme,"Transactions with owners, recorded directly in equity > Contributions by and distributions to owners > Shares vested under DSP Scheme",Condensed_financial_statements,
OCBC,STATEMENT OF CHANGES IN EQUITY - GROUP,18,FS_EQUITY_CHANGES_GROUP,1,27,contributions_by_and_distributions_to_owners::treasury_shares_transferred_sold,Treasury shares transferred/sold,"Transactions with owners, recorded directly in equity > Contributions by and distributions to owners > Treasury shares transferred/sold",Condensed_financial_statements,
OCBC,STATEMENT OF CHANGES IN EQUITY - GROUP,18,FS_EQUITY_CHANGES_GROUP,1,28,total_contributions_by_and_distributions_to_owners,Total contributions by and distributions to owners,Total contributions by and distributions to owners,Condensed_financial_statements,
OCBC,STATEMENT OF CHANGES IN EQUITY - GROUP,18,FS_EQUITY_CHANGES_GROUP,1,29,changes_in_non_controlling_interest,Changes in non-controlling interest,Changes in non-controlling interest,Condensed_financial_statements,appears in 2024 slice only — vintage-varying row
OCBC,STATEMENT OF CHANGES IN EQUITY - GROUP,18,FS_EQUITY_CHANGES_GROUP,1,30,balance_at_31_december,Balance at 31 December,Balance at 31 December,Condensed_financial_statements,closing balance — DATE-based id per rule 3
OCBC,STATEMENT OF CHANGES IN EQUITY - GROUP,18,FS_EQUITY_CHANGES_GROUP,1,31,included_in_the_balances::share_of_reserves_of_associates,Share of reserves of associates,Included in the balances: > Share of reserves of associates,Condensed_financial_statements,informational disclosure row
OCBC,Note 8 Dividends/distributions,19,FS_DIVIDENDS,1,1,ordinary_dividends::final_dividend_for_previous_financial_year,Final tax-exempt dividend of 41 cents paid for the previous financial year (2024: tax-exempt dividend of 42 cents),Ordinary dividends: > Final tax-exempt dividend paid for previous financial year,Condensed_financial_statements,"vintage-specific amounts kept in label, stripped from id"
OCBC,Note 8 Dividends/distributions,19,FS_DIVIDENDS,1,2,ordinary_dividends::interim_dividend_for_current_financial_year,Interim tax-exempt dividend of 41 cents paid for the current financial year (2024: tax-exempt dividend of 44 cents),Ordinary dividends: > Interim tax-exempt dividend paid for current financial year,Condensed_financial_statements,vintage-specific amounts stripped from id
OCBC,Note 8 Dividends/distributions,19,FS_DIVIDENDS,1,3,ordinary_dividends::special_dividend_for_previous_financial_year,Special tax-exempt dividend of 16 cents paid for the previous financial year (2024: nil),Ordinary dividends: > Special tax-exempt dividend paid for previous financial year,Condensed_financial_statements,vintage-specific amounts stripped from id
OCBC,Note 8 Dividends/distributions,19,FS_DIVIDENDS,1,4,distributions_for_other_equity_instruments::perpetual_capital_securities_3_0_pct,3.0% perpetual capital securities,Distributions for other equity instruments: > 3.0% perpetual capital securities,Condensed_financial_statements,
OCBC,Note 8 Dividends/distributions,19,FS_DIVIDENDS,1,5,distributions_for_other_equity_instruments::perpetual_capital_securities_3_9_pct,3.9% perpetual capital securities,Distributions for other equity instruments: > 3.9% perpetual capital securities,Condensed_financial_statements,
OCBC,Note 8 Dividends/distributions,19,FS_DIVIDENDS,1,6,distributions_for_other_equity_instruments::perpetual_capital_securities_4_5_pct,4.5% perpetual capital securities,Distributions for other equity instruments: > 4.5% perpetual capital securities,Condensed_financial_statements,
OCBC,Note 8 Dividends/distributions,19,FS_DIVIDENDS,1,7,distributions_for_other_equity_instruments::perpetual_capital_securities_4_05_pct,4.05% perpetual capital securities,Distributions for other equity instruments: > 4.05% perpetual capital securities,Condensed_financial_statements,
OCBC,Note 8 Dividends/distributions,19,FS_DIVIDENDS,1,8,distributions_for_other_equity_instruments::perpetual_capital_securities_5_398_pct_issued_by_subsidiary,5.398% perpetual capital securities issued by subsidiary,Distributions for other equity instruments: > 5.398% perpetual capital securities issued by subsidiary,Condensed_financial_statements,
OCBC,Note 8 Dividends/distributions,19,FS_DIVIDENDS,1,9,total_dividends_and_distributions,Total dividends and distributions,Total dividends and distributions,Condensed_financial_statements,
OCBC,CONSOLIDATED CASH FLOW STATEMENT,20,FS_CASHFLOW,1,1,cash_flows_from_operating_activities::profit_before_income_tax,Profit before income tax,Cash flows from operating activities > Profit before income tax,Condensed_financial_statements,
OCBC,CONSOLIDATED CASH FLOW STATEMENT,20,FS_CASHFLOW,1,2,cash_flows_from_operating_activities::adjustments_for_non_cash_items::allowances_for_loans_and_other_assets,Allowances for loans and other assets,Cash flows from operating activities > Adjustments for non-cash items: > Allowances for loans and other assets,Condensed_financial_statements,
OCBC,CONSOLIDATED CASH FLOW STATEMENT,20,FS_CASHFLOW,1,3,cash_flows_from_operating_activities::adjustments_for_non_cash_items::amortisation_of_intangible_assets,Amortisation of intangible assets,Cash flows from operating activities > Adjustments for non-cash items: > Amortisation of intangible assets,Condensed_financial_statements,
OCBC,CONSOLIDATED CASH FLOW STATEMENT,20,FS_CASHFLOW,1,4,cash_flows_from_operating_activities::adjustments_for_non_cash_items::change_in_hedging_transactions_fvtpl_securities_and_debt_issued,"Change in hedging transactions, FVTPL (¹) securities and debt issued","Cash flows from operating activities > Adjustments for non-cash items: > Change in hedging transactions, FVTPL (¹) securities and debt issued",Condensed_financial_statements,
OCBC,CONSOLIDATED CASH FLOW STATEMENT,20,FS_CASHFLOW,1,5,cash_flows_from_operating_activities::adjustments_for_non_cash_items::depreciation_of_property_plant_and_equipment_and_interest_expense_on_lease_liabilities,"Depreciation of property, plant and equipment and interest expense on lease liabilities","Cash flows from operating activities > Adjustments for non-cash items: > Depreciation of property, plant and equipment and interest expense on lease liabilities",Condensed_financial_statements,
OCBC,CONSOLIDATED CASH FLOW STATEMENT,20,FS_CASHFLOW,1,6,cash_flows_from_operating_activities::adjustments_for_non_cash_items::net_gain_loss_on_disposal_of_interests_in_associates_subsidiaries,Net (gain)/loss on disposal of interests in associates/subsidiaries,Cash flows from operating activities > Adjustments for non-cash items: > Net (gain)/loss on disposal of interests in associates/subsidiaries,Condensed_financial_statements,
OCBC,CONSOLIDATED CASH FLOW STATEMENT,20,FS_CASHFLOW,1,7,cash_flows_from_operating_activities::adjustments_for_non_cash_items::net_gain_on_disposal_of_government_debt_and_equity_securities,"Net gain on disposal of government, debt and equity securities","Cash flows from operating activities > Adjustments for non-cash items: > Net gain on disposal of government, debt and equity securities",Condensed_financial_statements,
OCBC,CONSOLIDATED CASH FLOW STATEMENT,20,FS_CASHFLOW,1,8,cash_flows_from_operating_activities::adjustments_for_non_cash_items::net_gain_on_disposal_of_property_plant_and_equipment,"Net gain on disposal of property, plant and equipment","Cash flows from operating activities > Adjustments for non-cash items: > Net gain on disposal of property, plant and equipment",Condensed_financial_statements,
OCBC,CONSOLIDATED CASH FLOW STATEMENT,20,FS_CASHFLOW,1,9,cash_flows_from_operating_activities::adjustments_for_non_cash_items::share_based_costs,Share-based costs,Cash flows from operating activities > Adjustments for non-cash items: > Share-based costs,Condensed_financial_statements,
OCBC,CONSOLIDATED CASH FLOW STATEMENT,20,FS_CASHFLOW,1,10,cash_flows_from_operating_activities::adjustments_for_non_cash_items::share_of_results_of_associates_net_of_tax,"Share of results of associates, net of tax","Cash flows from operating activities > Adjustments for non-cash items: > Share of results of associates, net of tax",Condensed_financial_statements,
OCBC,CONSOLIDATED CASH FLOW STATEMENT,20,FS_CASHFLOW,1,11,cash_flows_from_operating_activities::adjustments_for_non_cash_items::others,Others,Cash flows from operating activities > Adjustments for non-cash items: > Others,Condensed_financial_statements,
OCBC,CONSOLIDATED CASH FLOW STATEMENT,20,FS_CASHFLOW,1,12,cash_flows_from_operating_activities::operating_profit_before_change_in_operating_assets_and_liabilities,Operating profit before change in operating assets and liabilities,Cash flows from operating activities > Operating profit before change in operating assets and liabilities,Condensed_financial_statements,
OCBC,CONSOLIDATED CASH FLOW STATEMENT,20,FS_CASHFLOW,1,13,cash_flows_from_operating_activities::change_in_operating_assets_and_liabilities::deposits_of_non_bank_customers,Deposits of non-bank customers,Cash flows from operating activities > Change in operating assets and liabilities: > Deposits of non-bank customers,Condensed_financial_statements,
OCBC,CONSOLIDATED CASH FLOW STATEMENT,20,FS_CASHFLOW,1,14,cash_flows_from_operating_activities::change_in_operating_assets_and_liabilities::deposits_and_balances_of_banks,Deposits and balances of banks,Cash flows from operating activities > Change in operating assets and liabilities: > Deposits and balances of banks,Condensed_financial_statements,
OCBC,CONSOLIDATED CASH FLOW STATEMENT,20,FS_CASHFLOW,1,15,cash_flows_from_operating_activities::change_in_operating_assets_and_liabilities::derivative_payables_and_other_liabilities,Derivative payables and other liabilities,Cash flows from operating activities > Change in operating assets and liabilities: > Derivative payables and other liabilities,Condensed_financial_statements,
OCBC,CONSOLIDATED CASH FLOW STATEMENT,20,FS_CASHFLOW,1,16,cash_flows_from_operating_activities::change_in_operating_assets_and_liabilities::trading_portfolio_liabilities,Trading portfolio liabilities,Cash flows from operating activities > Change in operating assets and liabilities: > Trading portfolio liabilities,Condensed_financial_statements,
OCBC,CONSOLIDATED CASH FLOW STATEMENT,20,FS_CASHFLOW,1,17,cash_flows_from_operating_activities::change_in_operating_assets_and_liabilities::restricted_balances_with_central_banks,Restricted balances with central banks,Cash flows from operating activities > Change in operating assets and liabilities: > Restricted balances with central banks,Condensed_financial_statements,
OCBC,CONSOLIDATED CASH FLOW STATEMENT,20,FS_CASHFLOW,1,18,cash_flows_from_operating_activities::change_in_operating_assets_and_liabilities::government_securities_and_treasury_bills,Government securities and treasury bills,Cash flows from operating activities > Change in operating assets and liabilities: > Government securities and treasury bills,Condensed_financial_statements,
OCBC,CONSOLIDATED CASH FLOW STATEMENT,20,FS_CASHFLOW,1,19,cash_flows_from_operating_activities::change_in_operating_assets_and_liabilities::fvtpl_securities,FVTPL securities,Cash flows from operating activities > Change in operating assets and liabilities: > FVTPL securities,Condensed_financial_statements,
OCBC,CONSOLIDATED CASH FLOW STATEMENT,20,FS_CASHFLOW,1,20,cash_flows_from_operating_activities::change_in_operating_assets_and_liabilities::placements_with_and_loans_to_banks,Placements with and loans to banks,Cash flows from operating activities > Change in operating assets and liabilities: > Placements with and loans to banks,Condensed_financial_statements,
OCBC,CONSOLIDATED CASH FLOW STATEMENT,20,FS_CASHFLOW,1,21,cash_flows_from_operating_activities::change_in_operating_assets_and_liabilities::loans_to_customers,Loans to customers,Cash flows from operating activities > Change in operating assets and liabilities: > Loans to customers,Condensed_financial_statements,
OCBC,CONSOLIDATED CASH FLOW STATEMENT,20,FS_CASHFLOW,1,22,cash_flows_from_operating_activities::change_in_operating_assets_and_liabilities::derivative_receivables_and_other_assets,Derivative receivables and other assets,Cash flows from operating activities > Change in operating assets and liabilities: > Derivative receivables and other assets,Condensed_financial_statements,
OCBC,CONSOLIDATED CASH FLOW STATEMENT,20,FS_CASHFLOW,1,23,cash_flows_from_operating_activities::change_in_operating_assets_and_liabilities::net_change_in_other_assets_and_liabilities_for_life_insurance_funds,Net change in other assets and liabilities for life insurance funds,Cash flows from operating activities > Change in operating assets and liabilities: > Net change in other assets and liabilities for life insurance funds,Condensed_financial_statements,
OCBC,CONSOLIDATED CASH FLOW STATEMENT,20,FS_CASHFLOW,1,24,cash_flows_from_operating_activities::cash_provided_by_operating_activities,Cash provided by operating activities,Cash flows from operating activities > Cash provided by operating activities,Condensed_financial_statements,
OCBC,CONSOLIDATED CASH FLOW STATEMENT,20,FS_CASHFLOW,1,25,cash_flows_from_operating_activities::income_tax_paid,Income tax paid (²),Cash flows from operating activities > Income tax paid (²),Condensed_financial_statements,
OCBC,CONSOLIDATED CASH FLOW STATEMENT,20,FS_CASHFLOW,1,26,cash_flows_from_operating_activities::net_cash_provided_by_operating_activities,Net cash provided by operating activities,Cash flows from operating activities > Net cash provided by operating activities,Condensed_financial_statements,
OCBC,CONSOLIDATED CASH FLOW STATEMENT,20,FS_CASHFLOW,1,27,cash_flows_from_investing_activities::net_cash_outflow_from_acquisition_of_subsidiary,Net cash outflow from acquisition of subsidiary,Cash flows from investing activities > Net cash outflow from acquisition of subsidiary,Condensed_financial_statements,
OCBC,CONSOLIDATED CASH FLOW STATEMENT,20,FS_CASHFLOW,1,28,cash_flows_from_investing_activities::dividends_from_associates,Dividends from associates,Cash flows from investing activities > Dividends from associates,Condensed_financial_statements,
OCBC,CONSOLIDATED CASH FLOW STATEMENT,20,FS_CASHFLOW,1,29,cash_flows_from_investing_activities::purchases_of_debt_and_equity_securities,Purchases of debt and equity securities,Cash flows from investing activities > Purchases of debt and equity securities,Condensed_financial_statements,
OCBC,CONSOLIDATED CASH FLOW STATEMENT,20,FS_CASHFLOW,1,30,cash_flows_from_investing_activities::purchases_of_investment_securities_for_life_insurance_funds,Purchases of investment securities for life insurance funds,Cash flows from investing activities > Purchases of investment securities for life insurance funds,Condensed_financial_statements,
OCBC,CONSOLIDATED CASH FLOW STATEMENT,20,FS_CASHFLOW,1,31,cash_flows_from_investing_activities::purchases_of_property_plant_and_equipment,"Purchases of property, plant and equipment","Cash flows from investing activities > Purchases of property, plant and equipment",Condensed_financial_statements,
OCBC,CONSOLIDATED CASH FLOW STATEMENT,20,FS_CASHFLOW,1,32,cash_flows_from_investing_activities::proceeds_from_disposal_of_debt_and_equity_securities,Proceeds from disposal of debt and equity securities,Cash flows from investing activities > Proceeds from disposal of debt and equity securities,Condensed_financial_statements,
OCBC,CONSOLIDATED CASH FLOW STATEMENT,20,FS_CASHFLOW,1,33,cash_flows_from_investing_activities::proceeds_from_disposal_of_interests_in_associates,Proceeds from disposal of interests in associates,Cash flows from investing activities > Proceeds from disposal of interests in associates,Condensed_financial_statements,
OCBC,CONSOLIDATED CASH FLOW STATEMENT,20,FS_CASHFLOW,1,34,cash_flows_from_investing_activities::proceeds_from_disposal_of_investment_securities_for_life_insurance_funds,Proceeds from disposal of investment securities for life insurance funds,Cash flows from investing activities > Proceeds from disposal of investment securities for life insurance funds,Condensed_financial_statements,
OCBC,CONSOLIDATED CASH FLOW STATEMENT,20,FS_CASHFLOW,1,35,cash_flows_from_investing_activities::proceeds_from_disposal_of_property_plant_and_equipment,"Proceeds from disposal of property, plant and equipment","Cash flows from investing activities > Proceeds from disposal of property, plant and equipment",Condensed_financial_statements,
OCBC,CONSOLIDATED CASH FLOW STATEMENT,20,FS_CASHFLOW,1,36,cash_flows_from_investing_activities::net_cash_used_in_investing_activities,Net cash used in investing activities,Cash flows from investing activities > Net cash used in investing activities,Condensed_financial_statements,
OCBC,CONSOLIDATED CASH FLOW STATEMENT,20,FS_CASHFLOW,1,37,cash_flows_from_financing_activities::changes_in_non_controlling_interests,Changes in non-controlling interests,Cash flows from financing activities > Changes in non-controlling interests,Condensed_financial_statements,
OCBC,CONSOLIDATED CASH FLOW STATEMENT,20,FS_CASHFLOW,1,38,cash_flows_from_financing_activities::buy_back_of_shares_for_holding_as_treasury_shares_cancellation,Buy-back of shares for holding as treasury shares/cancellation,Cash flows from financing activities > Buy-back of shares for holding as treasury shares/cancellation,Condensed_financial_statements,
OCBC,CONSOLIDATED CASH FLOW STATEMENT,20,FS_CASHFLOW,1,39,cash_flows_from_financing_activities::dividends_and_distributions_paid,Dividends and distributions paid,Cash flows from financing activities > Dividends and distributions paid,Condensed_financial_statements,
OCBC,CONSOLIDATED CASH FLOW STATEMENT,20,FS_CASHFLOW,1,40,cash_flows_from_financing_activities::net_redemption_issue_of_other_debt_issued,Net (redemption)/issue of other debt issued,Cash flows from financing activities > Net (redemption)/issue of other debt issued,Condensed_financial_statements,
OCBC,CONSOLIDATED CASH FLOW STATEMENT,20,FS_CASHFLOW,1,41,cash_flows_from_financing_activities::net_proceeds_from_perpetual_capital_securities_issued,Net proceeds from perpetual capital securities issued,Cash flows from financing activities > Net proceeds from perpetual capital securities issued,Condensed_financial_statements,
OCBC,CONSOLIDATED CASH FLOW STATEMENT,20,FS_CASHFLOW,1,42,cash_flows_from_financing_activities::repayments_of_lease_liabilities,Repayments of lease liabilities,Cash flows from financing activities > Repayments of lease liabilities,Condensed_financial_statements,
OCBC,CONSOLIDATED CASH FLOW STATEMENT,20,FS_CASHFLOW,1,43,cash_flows_from_financing_activities::proceeds_from_subordinated_debt_issued,Proceeds from subordinated debt issued,Cash flows from financing activities > Proceeds from subordinated debt issued,Condensed_financial_statements,
OCBC,CONSOLIDATED CASH FLOW STATEMENT,20,FS_CASHFLOW,1,44,cash_flows_from_financing_activities::redemption_of_subordinated_debt_issued,Redemption of subordinated debt issued,Cash flows from financing activities > Redemption of subordinated debt issued,Condensed_financial_statements,
OCBC,CONSOLIDATED CASH FLOW STATEMENT,20,FS_CASHFLOW,1,45,cash_flows_from_financing_activities::proceeds_from_treasury_shares_transferred_sold_under_share_schemes,Proceeds from treasury shares transferred/sold under the Bank's employee share schemes,Cash flows from financing activities > Proceeds from treasury shares transferred/sold under the Bank's employee share schemes,Condensed_financial_statements,
OCBC,CONSOLIDATED CASH FLOW STATEMENT,20,FS_CASHFLOW,1,46,cash_flows_from_financing_activities::net_cash_used_in_provided_by_financing_activities,Net cash (used in)/provided by financing activities,Cash flows from financing activities > Net cash (used in)/provided by financing activities,Condensed_financial_statements,
OCBC,CONSOLIDATED CASH FLOW STATEMENT,20,FS_CASHFLOW,1,47,net_change_in_cash_and_cash_equivalents,Net change in cash and cash equivalents,Net change in cash and cash equivalents,Condensed_financial_statements,
OCBC,CONSOLIDATED CASH FLOW STATEMENT,20,FS_CASHFLOW,1,48,net_currency_translation_adjustments,Net currency translation adjustments,Net currency translation adjustments,Condensed_financial_statements,
OCBC,CONSOLIDATED CASH FLOW STATEMENT,20,FS_CASHFLOW,1,49,cash_and_cash_equivalents_at_1_january,Cash and cash equivalents at 1 January,Cash and cash equivalents at 1 January,Condensed_financial_statements,
OCBC,CONSOLIDATED CASH FLOW STATEMENT,20,FS_CASHFLOW,1,50,cash_and_cash_equivalents_at_31_december,Cash and cash equivalents at 31 December,Cash and cash equivalents at 31 December,Condensed_financial_statements,
OCBC,Note 9 Share capital,21,FS_SHARE_CAPITAL,1,1,issued_ordinary_shares::at_beginning_of_period_year,At beginning of period/year,Issued ordinary shares > At beginning of period/year,Condensed_financial_statements,
OCBC,Note 9 Share capital,21,FS_SHARE_CAPITAL,1,2,issued_ordinary_shares::cancellation_of_shares,Cancellation of shares,Issued ordinary shares > Cancellation of shares,Condensed_financial_statements,
OCBC,Note 9 Share capital,21,FS_SHARE_CAPITAL,1,3,issued_ordinary_shares::shares_issued_to_non_executive_directors,Shares issued to non-executive directors,Issued ordinary shares > Shares issued to non-executive directors,Condensed_financial_statements,
OCBC,Note 9 Share capital,21,FS_SHARE_CAPITAL,1,4,issued_ordinary_shares::at_end_of_period_year,At end of period/year,Issued ordinary shares > At end of period/year,Condensed_financial_statements,
OCBC,Note 9 Share capital,21,FS_SHARE_CAPITAL,1,5,treasury_shares::at_beginning_of_period_year,At beginning of period/year,Treasury shares > At beginning of period/year,Condensed_financial_statements,
OCBC,Note 9 Share capital,21,FS_SHARE_CAPITAL,1,6,treasury_shares::share_buyback,Share buyback,Treasury shares > Share buyback,Condensed_financial_statements,
OCBC,Note 9 Share capital,21,FS_SHARE_CAPITAL,1,7,treasury_shares::cancellation_of_shares,Cancellation of shares,Treasury shares > Cancellation of shares,Condensed_financial_statements,
OCBC,Note 9 Share capital,21,FS_SHARE_CAPITAL,1,8,treasury_shares::share_option_scheme,Share Option Scheme,Treasury shares > Share Option Scheme,Condensed_financial_statements,
OCBC,Note 9 Share capital,21,FS_SHARE_CAPITAL,1,9,treasury_shares::share_purchase_plan,Share Purchase Plan,Treasury shares > Share Purchase Plan,Condensed_financial_statements,
OCBC,Note 9 Share capital,21,FS_SHARE_CAPITAL,1,10,treasury_shares::treasury_shares_transferred_to_dsp_trust,Treasury shares transferred to DSP Trust,Treasury shares > Treasury shares transferred to DSP Trust,Condensed_financial_statements,
OCBC,Note 9 Share capital,21,FS_SHARE_CAPITAL,1,11,treasury_shares::at_end_of_period_year,At end of period/year,Treasury shares > At end of period/year,Condensed_financial_statements,
OCBC,Note 9 Share capital,21,FS_SHARE_CAPITAL,1,12,total_issued_ordinary_shares_excluding_treasury_shares,Total issued ordinary shares excluding treasury shares,Total issued ordinary shares excluding treasury shares,Condensed_financial_statements,
OCBC,Note 9 Share capital,21,FS_SHARE_CAPITAL,1,13,issued_share_capital,Issued share capital (S$ million),Issued share capital (S$ million),Condensed_financial_statements,
OCBC,Note 14.3 Fair value hierarchy,22,FS_FAIR_VALUE_HIERARCHY,1,1,financial_assets_at_fair_value::placements_with_and_loans_to_banks,Placements with and loans to banks,Financial assets measured at fair value > Placements with and loans to banks,Condensed_financial_statements,
OCBC,Note 14.3 Fair value hierarchy,22,FS_FAIR_VALUE_HIERARCHY,1,2,financial_assets_at_fair_value::debt_and_equity_securities,Debt and equity securities,Financial assets measured at fair value > Debt and equity securities,Condensed_financial_statements,
OCBC,Note 14.3 Fair value hierarchy,22,FS_FAIR_VALUE_HIERARCHY,1,3,financial_assets_at_fair_value::derivative_receivables,Derivative receivables,Financial assets measured at fair value > Derivative receivables,Condensed_financial_statements,
OCBC,Note 14.3 Fair value hierarchy,22,FS_FAIR_VALUE_HIERARCHY,1,4,financial_assets_at_fair_value::government_treasury_bills_and_securities,Government treasury bills and securities,Financial assets measured at fair value > Government treasury bills and securities,Condensed_financial_statements,
OCBC,Note 14.3 Fair value hierarchy,22,FS_FAIR_VALUE_HIERARCHY,1,5,financial_assets_at_fair_value::assets_for_life_insurance_funds,Assets for life insurance funds,Financial assets measured at fair value > Assets for life insurance funds,Condensed_financial_statements,
OCBC,Note 14.3 Fair value hierarchy,22,FS_FAIR_VALUE_HIERARCHY,1,6,financial_assets_at_fair_value::total,Total,Financial assets measured at fair value > Total,Condensed_financial_statements,
OCBC,Note 14.3 Fair value hierarchy,22,FS_FAIR_VALUE_HIERARCHY,1,7,non_financial_assets_at_fair_value::investment_properties_for_life_insurance_funds,Investment properties for life insurance funds,Non-financial assets measured at fair value > Investment properties for life insurance funds,Condensed_financial_statements,
OCBC,Note 14.3 Fair value hierarchy,22,FS_FAIR_VALUE_HIERARCHY,1,8,non_financial_assets_at_fair_value::associates,Associates,Non-financial assets measured at fair value > Associates,Condensed_financial_statements,
OCBC,Note 14.3 Fair value hierarchy,22,FS_FAIR_VALUE_HIERARCHY,1,9,non_financial_assets_at_fair_value::total,Total,Non-financial assets measured at fair value > Total,Condensed_financial_statements,
OCBC,Note 14.3 Fair value hierarchy,22,FS_FAIR_VALUE_HIERARCHY,1,10,financial_liabilities_at_fair_value::derivative_payables,Derivative payables,Financial liabilities measured at fair value > Derivative payables,Condensed_financial_statements,
OCBC,Note 14.3 Fair value hierarchy,22,FS_FAIR_VALUE_HIERARCHY,1,11,financial_liabilities_at_fair_value::trading_portfolio_liabilities,Trading portfolio liabilities,Financial liabilities measured at fair value > Trading portfolio liabilities,Condensed_financial_statements,
OCBC,Note 14.3 Fair value hierarchy,22,FS_FAIR_VALUE_HIERARCHY,1,12,financial_liabilities_at_fair_value::debt_issued_other_deposits,Debt issued/other deposits,Financial liabilities measured at fair value > Debt issued/other deposits,Condensed_financial_statements,
OCBC,Note 14.3 Fair value hierarchy,22,FS_FAIR_VALUE_HIERARCHY,1,13,financial_liabilities_at_fair_value::other_liabilities_for_life_insurance_funds,Other liabilities for life insurance funds,Financial liabilities measured at fair value > Other liabilities for life insurance funds,Condensed_financial_statements,
OCBC,Note 14.3 Fair value hierarchy,22,FS_FAIR_VALUE_HIERARCHY,1,14,financial_liabilities_at_fair_value::total,Total,Financial liabilities measured at fair value > Total,Condensed_financial_statements,
OCBC,Note 10 Deposits,23,FS_DEPOSITS_NOTE,1,1,deposits_of_non_bank_customers::fixed_deposits,Fixed deposits,Deposits of non-bank customers > Fixed deposits,Condensed_financial_statements,
OCBC,Note 10 Deposits,23,FS_DEPOSITS_NOTE,1,2,deposits_of_non_bank_customers::savings_deposits,Savings deposits,Deposits of non-bank customers > Savings deposits,Condensed_financial_statements,
OCBC,Note 10 Deposits,23,FS_DEPOSITS_NOTE,1,3,deposits_of_non_bank_customers::current_accounts,Current accounts,Deposits of non-bank customers > Current accounts,Condensed_financial_statements,
OCBC,Note 10 Deposits,23,FS_DEPOSITS_NOTE,1,4,deposits_of_non_bank_customers::others,Others,Deposits of non-bank customers > Others,Condensed_financial_statements,
OCBC,Note 10 Deposits,23,FS_DEPOSITS_NOTE,1,5,deposits_of_non_bank_customers,,Deposits of non-bank customers > (subtotal),Condensed_financial_statements,unlabeled subtotal row
OCBC,Note 10 Deposits,23,FS_DEPOSITS_NOTE,1,6,deposits_and_balances_of_banks,Deposits and balances of banks,Deposits and balances of banks,Condensed_financial_statements,
OCBC,Note 10 Deposits,23,FS_DEPOSITS_NOTE,1,7,total_deposits,Total deposits,Total deposits,Condensed_financial_statements,
OCBC,Note 11 Debt issued,24,FS_DEBT_ISSUED,1,1,unsecured::subordinated_debt,Subordinated debt,Unsecured > Subordinated debt,Condensed_financial_statements,
OCBC,Note 11 Debt issued,24,FS_DEBT_ISSUED,1,2,unsecured::fixed_and_floating_rate_notes,Fixed and floating rate notes,Unsecured > Fixed and floating rate notes,Condensed_financial_statements,
OCBC,Note 11 Debt issued,24,FS_DEBT_ISSUED,1,3,unsecured::commercial_paper,Commercial paper,Unsecured > Commercial paper,Condensed_financial_statements,
OCBC,Note 11 Debt issued,24,FS_DEBT_ISSUED,1,4,unsecured::structured_notes,Structured notes,Unsecured > Structured notes,Condensed_financial_statements,
OCBC,Note 11 Debt issued,24,FS_DEBT_ISSUED,1,5,secured::covered_bonds,Covered bonds,Secured > Covered bonds,Condensed_financial_statements,
OCBC,Note 11 Debt issued,24,FS_DEBT_ISSUED,1,6,total_debt_issued,,(total by type),Condensed_financial_statements,unlabeled total row
OCBC,Note 11 Debt issued,24,FS_DEBT_ISSUED,1,7,debt_issued_by_maturity::within_one_year,Within one year,Debt issued by maturity > Within one year,Condensed_financial_statements,
OCBC,Note 11 Debt issued,24,FS_DEBT_ISSUED,1,8,debt_issued_by_maturity::over_one_year,Over one year,Debt issued by maturity > Over one year,Condensed_financial_statements,
OCBC,Note 11 Debt issued,24,FS_DEBT_ISSUED,1,9,debt_issued_by_maturity::total,,Debt issued by maturity > (total),Condensed_financial_statements,unlabeled subtotal row
OCBC,Note 12 Loans to customers,25,FS_LOANS_NOTE,1,1,gross_loans,Gross loans,Gross loans,Condensed_financial_statements,
OCBC,Note 12 Loans to customers,25,FS_LOANS_NOTE,1,2,allowances::impaired_loans,Impaired loans,Allowances > Impaired loans,Condensed_financial_statements,
OCBC,Note 12 Loans to customers,25,FS_LOANS_NOTE,1,3,allowances::non_impaired_loans,Non-impaired loans,Allowances > Non-impaired loans,Condensed_financial_statements,
OCBC,Note 12 Loans to customers,25,FS_LOANS_NOTE,1,4,net_loans,Net loans,Net loans,Condensed_financial_statements,
OCBC,Note 13.1 Business segments,26,FS_PERF_BY_SEGMENT_CONSOL,1,1,net_interest_income,Net interest income,Net interest income,Condensed_financial_statements,
OCBC,Note 13.1 Business segments,26,FS_PERF_BY_SEGMENT_CONSOL,1,2,non_interest_income,Non-interest income,Non-interest income,Condensed_financial_statements,
OCBC,Note 13.1 Business segments,26,FS_PERF_BY_SEGMENT_CONSOL,1,3,total_income,Total income,Total income,Condensed_financial_statements,
OCBC,Note 13.1 Business segments,26,FS_PERF_BY_SEGMENT_CONSOL,1,4,operating_profit_before_allowances_and_amortisation,Operating profit before allowances and amortisation,Operating profit before allowances and amortisation,Condensed_financial_statements,
OCBC,Note 13.1 Business segments,26,FS_PERF_BY_SEGMENT_CONSOL,1,5,amortisation_of_intangible_assets,Amortisation of intangible assets,Amortisation of intangible assets,Condensed_financial_statements,
OCBC,Note 13.1 Business segments,26,FS_PERF_BY_SEGMENT_CONSOL,1,6,allowances_for_loans_and_other_assets,Allowances for loans and other assets,Allowances for loans and other assets,Condensed_financial_statements,
OCBC,Note 13.1 Business segments,26,FS_PERF_BY_SEGMENT_CONSOL,1,7,operating_profit_after_allowances_and_amortisation,Operating profit after allowances and amortisation,Operating profit after allowances and amortisation,Condensed_financial_statements,
OCBC,Note 13.1 Business segments,26,FS_PERF_BY_SEGMENT_CONSOL,1,8,share_of_results_of_associates_net_of_tax,"Share of results of associates, net of tax","Share of results of associates, net of tax",Condensed_financial_statements,
OCBC,Note 13.1 Business segments,26,FS_PERF_BY_SEGMENT_CONSOL,1,9,profit_before_income_tax,Profit before income tax,Profit before income tax,Condensed_financial_statements,
OCBC,Note 13.1 Business segments,26,FS_PERF_BY_SEGMENT_CONSOL,1,10,other_information::capital_expenditure,Capital expenditure,Other information: > Capital expenditure,Condensed_financial_statements,
OCBC,Note 13.1 Business segments,26,FS_PERF_BY_SEGMENT_CONSOL,1,11,other_information::depreciation,Depreciation,Other information: > Depreciation,Condensed_financial_statements,
OCBC,Note 13.1 Business segments (BS view),27,FS_BS_BY_SEGMENT,1,1,segment_assets,Segment assets,Segment assets,Condensed_financial_statements,
OCBC,Note 13.1 Business segments (BS view),27,FS_BS_BY_SEGMENT,1,2,unallocated_assets,Unallocated assets,Unallocated assets,Condensed_financial_statements,
OCBC,Note 13.1 Business segments (BS view),27,FS_BS_BY_SEGMENT,1,3,elimination_assets,Elimination,Elimination (assets),Condensed_financial_statements,duplicate label 'Elimination' — disambiguated in id
OCBC,Note 13.1 Business segments (BS view),27,FS_BS_BY_SEGMENT,1,4,total_assets,Total assets,Total assets,Condensed_financial_statements,
OCBC,Note 13.1 Business segments (BS view),27,FS_BS_BY_SEGMENT,1,5,segment_liabilities,Segment liabilities,Segment liabilities,Condensed_financial_statements,
OCBC,Note 13.1 Business segments (BS view),27,FS_BS_BY_SEGMENT,1,6,unallocated_liabilities,Unallocated liabilities,Unallocated liabilities,Condensed_financial_statements,
OCBC,Note 13.1 Business segments (BS view),27,FS_BS_BY_SEGMENT,1,7,elimination_liabilities,Elimination,Elimination (liabilities),Condensed_financial_statements,duplicate label
OCBC,Note 13.1 Business segments (BS view),27,FS_BS_BY_SEGMENT,1,8,total_liabilities,Total liabilities,Total liabilities,Condensed_financial_statements,
OCBC,Note 13.1 Business segments (BS view),27,FS_BS_BY_SEGMENT,1,9,other_information::gross_non_bank_loans,Gross non-bank loans,Other information: > Gross non-bank loans,Condensed_financial_statements,
OCBC,Note 13.1 Business segments (BS view),27,FS_BS_BY_SEGMENT,1,10,other_information::non_performing_assets,Non-performing assets,Other information: > Non-performing assets,Condensed_financial_statements,
OCBC,Note 13.2 Geographical segments,28,FS_PERF_BY_GEOGRAPHY_CONSOL,1,1,total_income,Total income,Total income,Condensed_financial_statements,
OCBC,Note 13.2 Geographical segments,28,FS_PERF_BY_GEOGRAPHY_CONSOL,1,2,operating_profit_before_allowances_and_amortisation,Operating profit before allowances and amortisation,Operating profit before allowances and amortisation,Condensed_financial_statements,
OCBC,Note 13.2 Geographical segments,28,FS_PERF_BY_GEOGRAPHY_CONSOL,1,3,profit_before_income_tax,Profit before income tax,Profit before income tax,Condensed_financial_statements,
OCBC,Note 13.2 Geographical segments,28,FS_PERF_BY_GEOGRAPHY_CONSOL,1,4,total_assets,Total assets,Total assets,Condensed_financial_statements,"period_end_date-filtered (stock, not flow)"
OCBC,Note 3 Net interest income,29,FS_NII_NOTE,1,1,interest_income::loans_to_customers,Loans to customers,Interest income > Loans to customers,Condensed_financial_statements,
OCBC,Note 3 Net interest income,29,FS_NII_NOTE,1,2,interest_income::placements_with_and_loans_to_banks,Placements with and loans to banks,Interest income > Placements with and loans to banks,Condensed_financial_statements,
OCBC,Note 3 Net interest income,29,FS_NII_NOTE,1,3,interest_income::other_interest_earning_assets,Other interest-earning assets,Interest income > Other interest-earning assets,Condensed_financial_statements,
OCBC,Note 3 Net interest income,29,FS_NII_NOTE,1,4,interest_income,,Interest income > (subtotal),Condensed_financial_statements,unlabeled subtotal row
OCBC,Note 3 Net interest income,29,FS_NII_NOTE,1,5,interest_expense::deposits_of_non_bank_customers,Deposits of non-bank customers,Interest expense > Deposits of non-bank customers,Condensed_financial_statements,
OCBC,Note 3 Net interest income,29,FS_NII_NOTE,1,6,interest_expense::deposits_and_balances_of_banks,Deposits and balances of banks,Interest expense > Deposits and balances of banks,Condensed_financial_statements,
OCBC,Note 3 Net interest income,29,FS_NII_NOTE,1,7,interest_expense::other_borrowings,Other borrowings,Interest expense > Other borrowings,Condensed_financial_statements,
OCBC,Note 3 Net interest income,29,FS_NII_NOTE,1,8,interest_expense,,Interest expense > (subtotal),Condensed_financial_statements,unlabeled subtotal row
OCBC,Note 3 Net interest income,29,FS_NII_NOTE,1,9,net_interest_income,Net interest income,Net interest income,Condensed_financial_statements,
OCBC,Note 4 Fees and commissions (net),30,FS_FEE_INCOME_NOTE,1,1,gross_fee_and_commission_income::brokerage,Brokerage,Gross fee and commission income > Brokerage,Condensed_financial_statements,
OCBC,Note 4 Fees and commissions (net),30,FS_FEE_INCOME_NOTE,1,2,gross_fee_and_commission_income::credit_card,Credit card,Gross fee and commission income > Credit card,Condensed_financial_statements,
OCBC,Note 4 Fees and commissions (net),30,FS_FEE_INCOME_NOTE,1,3,gross_fee_and_commission_income::fund_management,Fund management,Gross fee and commission income > Fund management,Condensed_financial_statements,
OCBC,Note 4 Fees and commissions (net),30,FS_FEE_INCOME_NOTE,1,4,gross_fee_and_commission_income::guarantees,Guarantees,Gross fee and commission income > Guarantees,Condensed_financial_statements,
OCBC,Note 4 Fees and commissions (net),30,FS_FEE_INCOME_NOTE,1,5,gross_fee_and_commission_income::investment_banking,Investment banking,Gross fee and commission income > Investment banking,Condensed_financial_statements,
OCBC,Note 4 Fees and commissions (net),30,FS_FEE_INCOME_NOTE,1,6,gross_fee_and_commission_income::loan_related,Loan-related,Gross fee and commission income > Loan-related,Condensed_financial_statements,
OCBC,Note 4 Fees and commissions (net),30,FS_FEE_INCOME_NOTE,1,7,gross_fee_and_commission_income::service_charges,Service charges,Gross fee and commission income > Service charges,Condensed_financial_statements,
OCBC,Note 4 Fees and commissions (net),30,FS_FEE_INCOME_NOTE,1,8,gross_fee_and_commission_income::trade_related_and_remittances,Trade-related and remittances,Gross fee and commission income > Trade-related and remittances,Condensed_financial_statements,
OCBC,Note 4 Fees and commissions (net),30,FS_FEE_INCOME_NOTE,1,9,gross_fee_and_commission_income::wealth_management,Wealth management (²),Gross fee and commission income > Wealth management (²),Condensed_financial_statements,
OCBC,Note 4 Fees and commissions (net),30,FS_FEE_INCOME_NOTE,1,10,gross_fee_and_commission_income::others,Others,Gross fee and commission income > Others,Condensed_financial_statements,
OCBC,Note 4 Fees and commissions (net),30,FS_FEE_INCOME_NOTE,1,11,gross_fee_and_commission_income,,Gross fee and commission income > (subtotal),Condensed_financial_statements,unlabeled subtotal row
OCBC,Note 4 Fees and commissions (net),30,FS_FEE_INCOME_NOTE,1,12,fee_and_commission_expense,Fee and commission expense,Fee and commission expense,Condensed_financial_statements,
OCBC,Note 4 Fees and commissions (net),30,FS_FEE_INCOME_NOTE,1,13,fees_and_commissions_net,Fees and commissions (net),Fees and commissions (net),Condensed_financial_statements,
OCBC,Note 5 Other income,31,FS_OTHER_INCOME_NOTE,1,1,disposal_of_investment_securities,Disposal of investment securities,Disposal of investment securities,Condensed_financial_statements,
OCBC,Note 5 Other income,31,FS_OTHER_INCOME_NOTE,1,2,disposal_liquidation_of_subsidiaries_and_associates,Disposal/liquidation of subsidiaries and associates,Disposal/liquidation of subsidiaries and associates,Condensed_financial_statements,
OCBC,Note 5 Other income,31,FS_OTHER_INCOME_NOTE,1,3,disposal_of_property_plant_and_equipment,"Disposal of property, plant and equipment","Disposal of property, plant and equipment",Condensed_financial_statements,
OCBC,Note 5 Other income,31,FS_OTHER_INCOME_NOTE,1,4,rental_and_property_related_income,Rental and property-related income,Rental and property-related income,Condensed_financial_statements,
OCBC,Note 5 Other income,31,FS_OTHER_INCOME_NOTE,1,5,dividends_from_fvoci_securities,Dividends from FVOCI securities,Dividends from FVOCI securities,Condensed_financial_statements,
OCBC,Note 5 Other income,31,FS_OTHER_INCOME_NOTE,1,6,others,Others,Others,Condensed_financial_statements,
OCBC,Note 5 Other income,31,FS_OTHER_INCOME_NOTE,1,7,other_income,Other income,Other income,Condensed_financial_statements,
OCBC,Note 6 Other operating expenses,32,FS_OTHER_OPERATING_EXPENSES_NOTE,1,1,property_plant_and_equipment::depreciation,Depreciation,"Property, plant and equipment > Depreciation",Condensed_financial_statements,
OCBC,Note 6 Other operating expenses,32,FS_OTHER_OPERATING_EXPENSES_NOTE,1,2,property_plant_and_equipment::maintenance_and_rental,Maintenance and rental,"Property, plant and equipment > Maintenance and rental",Condensed_financial_statements,
OCBC,Note 6 Other operating expenses,32,FS_OTHER_OPERATING_EXPENSES_NOTE,1,3,property_plant_and_equipment::others,Others,"Property, plant and equipment > Others",Condensed_financial_statements,
OCBC,Note 6 Other operating expenses,32,FS_OTHER_OPERATING_EXPENSES_NOTE,1,4,property_plant_and_equipment,,"Property, plant and equipment > (subtotal)",Condensed_financial_statements,unlabeled subtotal row
OCBC,Note 6 Other operating expenses,32,FS_OTHER_OPERATING_EXPENSES_NOTE,1,5,other_operating_expenses,Other operating expenses,Other operating expenses,Condensed_financial_statements,
OCBC,Note 6 Other operating expenses,32,FS_OTHER_OPERATING_EXPENSES_NOTE,1,6,total_other_operating_expenses,Total other operating expenses,Total other operating expenses,Condensed_financial_statements,
OCBC,Note 7 Allowances for loans and other assets,33,FS_ALLOWANCES_NOTE,1,1,allowances_write_back::impaired_loans,Impaired loans,Allowances/(write-back): > Impaired loans,Condensed_financial_statements,
OCBC,Note 7 Allowances for loans and other assets,33,FS_ALLOWANCES_NOTE,1,2,allowances_write_back::impaired_other_assets,Impaired other assets,Allowances/(write-back): > Impaired other assets,Condensed_financial_statements,
OCBC,Note 7 Allowances for loans and other assets,33,FS_ALLOWANCES_NOTE,1,3,allowances_write_back::non_impaired_loans,Non-impaired loans,Allowances/(write-back): > Non-impaired loans,Condensed_financial_statements,
OCBC,Note 7 Allowances for loans and other assets,33,FS_ALLOWANCES_NOTE,1,4,allowances_write_back::non_impaired_other_assets,Non-impaired other assets,Allowances/(write-back): > Non-impaired other assets,Condensed_financial_statements,
OCBC,Note 7 Allowances for loans and other assets,33,FS_ALLOWANCES_NOTE,1,5,allowances_for_loans_and_other_assets,Allowances for loans and other assets,Allowances for loans and other assets,Condensed_financial_statements,
OCBC,STATEMENT OF CHANGES IN EQUITY - BANK,34,FS_EQUITY_CHANGES_BANK,1,1,balance_at_1_january,Balance at 1 January,Balance at 1 January,Condensed_financial_statements,opening balance
OCBC,STATEMENT OF CHANGES IN EQUITY - BANK,34,FS_EQUITY_CHANGES_BANK,1,2,profit_for_the_year,Profit for the year,Total comprehensive income for the year > Profit for the year,Condensed_financial_statements,
OCBC,STATEMENT OF CHANGES IN EQUITY - BANK,34,FS_EQUITY_CHANGES_BANK,1,3,other_comprehensive_income,Other comprehensive income/(losses),Total comprehensive income for the year > Other comprehensive income/(losses),Condensed_financial_statements,
OCBC,STATEMENT OF CHANGES IN EQUITY - BANK,34,FS_EQUITY_CHANGES_BANK,1,4,total_comprehensive_income_for_the_year,Total comprehensive income for the year,Total comprehensive income for the year,Condensed_financial_statements,
OCBC,STATEMENT OF CHANGES IN EQUITY - BANK,34,FS_EQUITY_CHANGES_BANK,1,5,transfers,Transfers,Transfers,Condensed_financial_statements,
OCBC,STATEMENT OF CHANGES IN EQUITY - BANK,34,FS_EQUITY_CHANGES_BANK,1,6,buy_back_of_shares_for_holding_as_treasury_shares,Buy-back of shares for holding as treasury shares,Buy-back of shares for holding as treasury shares,Condensed_financial_statements,
OCBC,STATEMENT OF CHANGES IN EQUITY - BANK,34,FS_EQUITY_CHANGES_BANK,1,7,cancellation_of_shares,Cancellation of shares,Cancellation of shares,Condensed_financial_statements,
OCBC,STATEMENT OF CHANGES IN EQUITY - BANK,34,FS_EQUITY_CHANGES_BANK,1,8,dividends_and_distributions,Dividends and distributions,Dividends and distributions,Condensed_financial_statements,
OCBC,STATEMENT OF CHANGES IN EQUITY - BANK,34,FS_EQUITY_CHANGES_BANK,1,9,dsp_reserve_from_dividends_on_unvested_shares,DSP reserve from dividends on unvested shares,DSP reserve from dividends on unvested shares,Condensed_financial_statements,
OCBC,STATEMENT OF CHANGES IN EQUITY - BANK,34,FS_EQUITY_CHANGES_BANK,1,10,perpetual_capital_securities_issued,Perpetual capital securities issued,Perpetual capital securities issued,Condensed_financial_statements,appears in 2024 slice
OCBC,STATEMENT OF CHANGES IN EQUITY - BANK,34,FS_EQUITY_CHANGES_BANK,1,11,share_based_payments_for_staff_costs,Share-based payments for staff costs,Share-based payments for staff costs,Condensed_financial_statements,
OCBC,STATEMENT OF CHANGES IN EQUITY - BANK,34,FS_EQUITY_CHANGES_BANK,1,12,shares_issued_to_non_executive_directors,Shares issued to non-executive directors,Shares issued to non-executive directors,Condensed_financial_statements,
OCBC,STATEMENT OF CHANGES IN EQUITY - BANK,34,FS_EQUITY_CHANGES_BANK,1,13,treasury_shares_transferred_sold,Treasury shares transferred/sold,Treasury shares transferred/sold,Condensed_financial_statements,
OCBC,STATEMENT OF CHANGES IN EQUITY - BANK,34,FS_EQUITY_CHANGES_BANK,1,14,balance_at_31_december,Balance at 31 December,Balance at 31 December,Condensed_financial_statements,closing balance
